placeUrl,title,rating,reviewCount,category,address,plusCode,website,phoneNumber,friday,saturday,sunday,monday,tuesday,wednesday,thursday,currentStatus,imgUrl,isClaimed,query,timestamp,info
https://www.google.com/maps/place/OdontoArt+Est%C3%A9tica/data=!4m7!3m6!1s0x935ef182275ce5bd:0xdcdd58cb32e781c4!8m2!3d-16.6834068!4d-49.2645874!16s%2Fg%2F11fv3f11r6!19sChIJveVcJ4LxXpMRxIHnMstY3dw,OdontoArt Estética,4.3,43,Dental clinic,"R. 5, 691 - Sala 406 - St. Oeste, Goiânia - GO, 74115-060, Brazil","8P8P+J5 St. Oeste, Goiânia - State of Goiás, Brazil",http://odontoartestetica.com.br/,+55 62 3587-1497,8 a.m.–6 p.m.,Closed,Closed,8 a.m.–6 p.m.,8 a.m.–6 p.m.,8 a.m.–6 p.m.,8 a.m.–6 p.m.,Open now,https://lh5.googleusercontent.com/p/AF1QipN1rlg_jPxzsM8PLl0Gcrh9jTu24LzztQR6fBRF=w408-h272-k-no,true,"https://www.google.com/maps/search/dentistas+em+goiania/@-16.6706238,-49.4947203,11.5z?entry=ttu",2023-09-15T13:17:07.224Z,
https://www.google.com/maps/place/Barini+Odontologia/data=!4m7!3m6!1s0x935ef1132aaaaaad:0xbfa0caeff3d3a36f!8m2!3d-16.6937866!4d-49.257078!16s%2Fg%2F1tj58vpf!19sChIJraqqKhPxXpMRb6PT8-_KoL8,Barini Odontologia,4.9,105,Dental clinic,"R. 89, 470 - St. Sul, Goiânia - GO, 74093-140, Brazil","8P4V+F5 St. Sul, Goiânia - State of Goiás, Brazil",https://www.bariniodontologia.com.br/,+55 62 3773-2645,8 a.m.–6 p.m.,Closed,Closed,8 a.m.–6 p.m.,8 a.m.–6 p.m.,8 a.m.–6 p.m.,8 a.m.–6 p.m.,Open now,https://lh5.googleusercontent.com/p/AF1QipM19No7U_kPbnFwNodUe-3b2wgR2gQqjzT3rbOh=w426-h240-k-no,true,"https://www.google.com/maps/search/dentistas+em+goiania/@-16.6706238,-49.4947203,11.5z?entry=ttu",2023-09-15T13:17:12.076Z,
"https://www.google.com/maps/place/Dra.+Laura+Fenelon,+Dentista/data=!4m7!3m6!1s0x935ef1e5955ac22f:0xa81d05db458377a0!8m2!3d-16.6929167!4d-49.2676838!16s%2Fg%2F11pysstl3z!19sChIJL8JaleXxXpMRoHeDRdsFHag","Dra. Laura Fenelon, Dentista",,,Dentist,"R. 13, 734 - St. Marista, Goiânia - GO, 74150-140, Brazil","8P4J+RW St. Marista, Goiânia - State of Goiás, Brazil",https://www.doctoralia.com.br/laura-fenelon/dentista/goiania?utm_source=google&utm_medium=gmb&utm_campaign=760176&utm_content=website,,,,,,,,,,https://streetviewpixels-pa.googleapis.com/v1/thumbnail?panoid=LXsDSttG14s26SsIrS4nnQ&cb_client=search.gws-prod.gps&w=408&h=240&yaw=253.62128&pitch=0&thumbfov=100,true,"https://www.google.com/maps/search/dentistas+em+goiania/@-16.6706238,-49.4947203,11.5z?entry=ttu",2023-09-15T13:17:14.777Z,
https://www.google.com/maps/place/Lund+Odontologia/data=!4m7!3m6!1s0x935ef554eadf0381:0xbd11b6cd3cb00df5!8m2!3d-16.6752108!4d-49.305559!16s%2Fg%2F11gnp0lrs9!19sChIJgQPf6lT1XpMR9Q2wPM22Eb0,Lund Odontologia,5.0,62,Dentist,"R. Natividade, 74 - Qd.92, Lt.26 - Vila Aurora Oeste, Goiânia - GO, 74425-165, Brazil","8MFV+WQ Vila Aurora Oeste, Goiânia - State of Goiás, Brazil",,+55 62 99229-3353,8 a.m.–6:30 p.m.,Closed,Closed,8 a.m.–6:30 p.m.,8 a.m.–6:30 p.m.,8 a.m.–6:30 p.m.,8 a.m.–6:30 p.m.,Open now,https://lh5.googleusercontent.com/p/AF1QipNiccczJTj4i5Z08o1IRtC_qs_T0AHxXHJqw9mZ=w425-h240-k-no,true,"https://www.google.com/maps/search/dentistas+em+goiania/@-16.6706238,-49.4947203,11.5z?entry=ttu",2023-09-15T13:17:17.623Z,
https://www.google.com/maps/place/Dentista+em+Goi%C3%A2nia+%7C+Rir+Odontologia/data=!4m7!3m6!1s0x935ef43d0871cd83:0x87358ac51260549d!8m2!3d-16.6739314!4d-49.3062268!16s%2Fg%2F11hb7dpbl1!19sChIJg81xCD30XpMRnVRgEsWKNYc,Dentista em Goiânia | Rir Odontologia,4.9,80,Dental clinic,"Qd37 Lt.3, Av. Pio XII, 246 - Lj 01 - Setor rodoviário, Goiânia - GO, 74430-215, Brazil","8MGV+CG Goiânia, State of Goiás, Brazil",http://www.odontorir.com.br/,+55 62 3088-5898,8 a.m.–6 p.m.,8 a.m.–12 p.m.,Closed,8 a.m.–6 p.m.,8 a.m.–6 p.m.,8 a.m.–6 p.m.,8 a.m.–6 p.m.,Open now,https://lh5.googleusercontent.com/p/AF1QipOJiu3YzvxT4XfH_ybfXHqjAGdgQZ0gwPFwlPpq=w408-h305-k-no,true,"https://www.google.com/maps/search/dentistas+em+goiania/@-16.6706238,-49.4947203,11.5z?entry=ttu",2023-09-15T13:17:20.498Z,LGBTQ+ friendly
https://www.google.com/maps/place/Cl%C3%ADnica+Dente+%26+Cia/data=!4m7!3m6!1s0x935ef682b0dacf4f:0xe201ecea9dfff215!8m2!3d-16.6887438!4d-49.315085!16s%2Fg%2F11cnr9g8sz!19sChIJT8_asIL2XpMRFfL_nersAeI,Clínica Dente & Cia,4.7,70,Dentist,"Av. Aderup, 413 - Vila Nova Canaa, Goiânia - GO, 74415-010, Brazil","8M6M+GX Vila Nova Canaa, Goiânia - State of Goiás, Brazil",https://clinica-dente-cia-limpeza-de-dente-em-goiania-lente-de.negocio.site/?utm_source=gmb&utm_medium=referral,+55 62 99336-9726,8 a.m.–6 p.m.,8 a.m.–12 p.m.,Closed,8 a.m.–6 p.m.,8 a.m.–6 p.m.,8 a.m.–6 p.m.,8 a.m.–6 p.m.,Open now,https://lh5.googleusercontent.com/p/AF1QipP1n9EsWo1pMkzJtAKkoTAOMotGw6XYXK3hSVLZ=w408-h271-k-no,true,"https://www.google.com/maps/search/dentistas+em+goiania/@-16.6706238,-49.4947203,11.5z?entry=ttu",2023-09-15T13:17:23.948Z,
https://www.google.com/maps/place/Dr.+Gilberto+Fenelon+Das+Neves/data=!4m7!3m6!1s0x935ef1d4600d4a4b:0x7a96feaa49a42223!8m2!3d-16.6929236!4d-49.2676607!16s%2Fg%2F11fn0mn911!19sChIJS0oNYNTxXpMRIyKkSar-lno,Dr. Gilberto Fenelon Das Neves,5.0,4,Dentist,"R. 13, 734 - St. Marista, Goiânia - GO, 74150-140, Brazil","8P4J+RW St. Marista, Goiânia - State of Goiás, Brazil",https://www.doctoralia.com.br/gilberto-fenelon-das-neves/dentista-cirurgiao-buco-maxilo-facial/goiania?utm_source=google&utm_medium=gmb&utm_campaign=208944&utm_content=website,,,,,,,,,,https://lh5.googleusercontent.com/p/AF1QipNTXj3jCi_Y6dc-cvRZAhdOqShAgbDMHPgE1ip1=w408-h305-k-no,true,"https://www.google.com/maps/search/dentistas+em+goiania/@-16.6706238,-49.4947203,11.5z?entry=ttu",2023-09-15T13:17:26.847Z,
"https://www.google.com/maps/place/Dr.+Marco+Aurelio+Ferreira,+Dentista/data=!4m7!3m6!1s0x935ef16487b0071b:0xc26cca9f58fcca96!8m2!3d-16.6950703!4d-49.2581506!16s%2Fg%2F11fn6zm2yd!19sChIJGwewh2TxXpMRlsr8WJ_KbMI","Dr. Marco Aurelio Ferreira, Dentista",,,Dentist,"R. 89, número 658 - St. Sul, Goiânia - GO, 74093-140, Brazil","8P3R+XP St. Sul, Goiânia - State of Goiás, Brazil",https://www.doctoralia.com.br/marco-aurelio-ferreira-2/dentista/goiania?utm_source=google&utm_medium=gmb&utm_campaign=559137&utm_content=website,+55 62 99696-4140,,,,,,,,,https://lh5.googleusercontent.com/p/AF1QipMF8QQ2rIM6bqqq4jWWFRTpUwey3jL8rk4Qr6xD=w408-h271-k-no,true,"https://www.google.com/maps/search/dentistas+em+goiania/@-16.6706238,-49.4947203,11.5z?entry=ttu",2023-09-15T13:17:29.476Z,
https://www.google.com/maps/place/Instituto+do+Sorriso+Goiania/data=!4m7!3m6!1s0x935ef16a969c448f:0xcab06da8e3e08406!8m2!3d-16.6933096!4d-49.2628483!16s%2Fg%2F1tk1_3q1!19sChIJj0SclmrxXpMRBoTg46htsMo,Instituto do Sorriso Goiania,4.3,7,Dentist,"Av. 85, 1345 - St. Marista, Goiânia - GO, 74160-010, Brazil","8P4P+MV St. Marista, Goiânia - State of Goiás, Brazil",,+55 62 3087-5566,8 a.m.–6 p.m.,8 a.m.–12 p.m.,Closed,8 a.m.–6 p.m.,8 a.m.–6 p.m.,8 a.m.–6 p.m.,8 a.m.–6 p.m.,Open now,https://lh5.googleusercontent.com/p/AF1QipOBI7zW-uNplKgpTkOhTYUj1Tr_-fjSYes485xE=w408-h306-k-no,false,"https://www.google.com/maps/search/dentistas+em+goiania/@-16.6706238,-49.4947203,11.5z?entry=ttu",2023-09-15T13:17:32.765Z,
https://www.google.com/maps/place/Gasa+Odontologia+-+Dentista+-+Goi%C3%A2nia+Viva/data=!4m7!3m6!1s0x935ef50fc1635a7f:0x72328e6818a75ea6!8m2!3d-16.6958332!4d-49.3556213!16s%2Fg%2F11j2lv72gm!19sChIJf1pjwQ_1XpMRpl6nGGiOMnI,Gasa Odontologia - Dentista - Goiânia Viva,4.8,36,Dentist,"Av. Gabriel Henrique de Araújo, 1648 - Quadra 09 lt 43 - Lot. Goiania Viva, Goiânia - GO, 74484-420, Brazil","8J3V+MQ Lot. Goiania Viva, Goiânia - State of Goiás, Brazil",,+55 62 98553-2643,8 a.m.–6 p.m.,8 a.m.–12 p.m.,Closed,8 a.m.–6 p.m.,8 a.m.–6 p.m.,8 a.m.–6 p.m.,8 a.m.–6 p.m.,Open now,https://lh5.googleusercontent.com/p/AF1QipP-pqNpx2aFfJKVExIYIaPzCK0GiAbBTeN6Pbqi=w408-h495-k-no,true,"https://www.google.com/maps/search/dentistas+em+goiania/@-16.6706238,-49.4947203,11.5z?entry=ttu",2023-09-15T13:17:36.299Z,LGBTQ+ friendly
https://www.google.com/maps/place/Odontologia+M%C3%A1xima/data=!4m7!3m6!1s0x935ef16806cd089d:0xa3cdeef3ae939334!8m2!3d-16.685312!4d-49.263272!16s%2Fg%2F1tdx0mkm!19sChIJnQjNBmjxXpMRNJOTrvPuzaM,Odontologia Máxima,4.3,7,Dentist,"R. 3, 800 - 5º andar - St. Oeste, Goiânia - GO, 74115-050, Brazil","8P7P+VM St. Oeste, Goiânia - State of Goiás, Brazil",,+55 62 3215-2318,8 a.m.–6 p.m.,8 a.m.–12 p.m.,Closed,8 a.m.–6 p.m.,8 a.m.–6 p.m.,8 a.m.–6 p.m.,8 a.m.–6 p.m.,Open now,https://streetviewpixels-pa.googleapis.com/v1/thumbnail?panoid=smBGkWysralGsawuQPrt_w&cb_client=search.gws-prod.gps&w=408&h=240&yaw=223.37341&pitch=0&thumbfov=100,true,"https://www.google.com/maps/search/dentistas+em+goiania/@-16.6706238,-49.4947203,11.5z?entry=ttu",2023-09-15T13:17:39.294Z,
"https://www.google.com/maps/place/Dr.+Cristiano+Belem+Goi%C3%A2nia+%7C+Alinhador+Invis%C3%ADvel,+Implante+Dental,+Pr%C3%B3tese+Dental,+Clareamento,+Limpeza,+Tratamento+Canal/data=!4m7!3m6!1s0x935ef10ef7ec01dd:0xa2c733d3ced92388!8m2!3d-16.6980329!4d-49.251087!16s%2Fg%2F1vknqgmw!19sChIJ3QHs9w7xXpMRiCPZztMzx6I","Dr. Cristiano Belem Goiânia | Alinhador Invisível, Implante Dental, Prótese Dental, Clareamento, Limpeza, Tratamento Canal",4.8,47,Dentist,"Av. Dep. Jamel Cecílio, 1362 - St. Sul, Goiânia - GO, 74085-580, Brazil","8P2X+QH St. Sul, Goiânia - State of Goiás, Brazil",http://www.cristianobelem.com.br/,+55 62 98628-2797,8 a.m.–6 p.m.,Closed,Closed,8 a.m.–6 p.m.,8 a.m.–6 p.m.,8 a.m.–6 p.m.,8 a.m.–6 p.m.,Open now,https://lh5.googleusercontent.com/p/AF1QipNwcfxNE4WdRREY0in-sjYxb8KpniU4tKAsMM4w=w426-h240-k-no,true,"https://www.google.com/maps/search/dentistas+em+goiania/@-16.6706238,-49.4947203,11.5z?entry=ttu",2023-09-15T13:17:42.540Z,
"https://www.google.com/maps/place/Dra.+Thaise+Ferreira,+Dentista/data=!4m7!3m6!1s0x935ef1aa5ba520bf:0x3d8c866b1b09f32d!8m2!3d-16.6950703!4d-49.2581506!16s%2Fg%2F11hz_41pxj!19sChIJvyClW6rxXpMRLfMJG2uGjD0","Dra. Thaise Ferreira, Dentista",,,Dentist,"R. 89, número 658 - St. Sul, Goiânia - GO, 74093-140, Brazil","8P3R+XP St. Sul, Goiânia - State of Goiás, Brazil",https://www.doctoralia.com.br/thaise-ferreira/dentista/goiania?utm_source=google&utm_medium=gmb&utm_campaign=497743&utm_content=website,,,,,,,,,,https://streetviewpixels-pa.googleapis.com/v1/thumbnail?panoid=y_8HjEBYr7aNI8IOJChG0Q&cb_client=search.gws-prod.gps&w=408&h=240&yaw=312.83337&pitch=0&thumbfov=100,true,"https://www.google.com/maps/search/dentistas+em+goiania/@-16.6706238,-49.4947203,11.5z?entry=ttu",2023-09-15T13:17:45.357Z,
https://www.google.com/maps/place/Neo+Odontologia/data=!4m7!3m6!1s0x935ef12cbe9388d1:0x8e3cc3ae80e35da0!8m2!3d-16.71289!4d-49.2830032!16s%2Fg%2F11sh22pgnw!19sChIJ0YiTvizxXpMRoF3jgK7DPI4,Neo Odontologia,,,Dentist,"R. C-137 - Jardim América, Goiânia - GO, 74275-060, Brazil","7PP8+RQ Jardim América, Goiânia - State of Goiás, Brazil",,,,,,,,,,,https://streetviewpixels-pa.googleapis.com/v1/thumbnail?panoid=x1ATJxC93B_6hnJ4brAugQ&cb_client=search.gws-prod.gps&w=408&h=240&yaw=161.32063&pitch=0&thumbfov=100,false,"https://www.google.com/maps/search/dentistas+em+goiania/@-16.6706238,-49.4947203,11.5z?entry=ttu",2023-09-15T13:17:52.831Z,
https://www.google.com/maps/place/Odontologia+Bem+Estar/data=!4m7!3m6!1s0x935ef0e4797ac6d3:0xe7b6cad8d682e179!8m2!3d-16.7173179!4d-49.2566617!16s%2Fg%2F11bzwm98lh!19sChIJ08Z6eeTwXpMReeGC1tjKtuc,Odontologia Bem Estar,4.9,18,Dentist,"R. 1039, 15 - St. Pedro Ludovico, Goiânia - GO, 74823-240, Brazil","7PMV+38 St. Pedro Ludovico, Goiânia - State of Goiás, Brazil",,+55 62 3015-7075,"8 a.m.–12 p.m., 1:30–6 p.m.",Closed,Closed,"8 a.m.–12 p.m., 1:30–6 p.m.","8 a.m.–12 p.m., 1:30–6 p.m.","8 a.m.–12 p.m., 1:30–6 p.m.","8 a.m.–12 p.m., 1:30–6 p.m.",Open now,https://lh5.googleusercontent.com/p/AF1QipPcpqAAE2hsjQBhq0GC-ETGQDycgT9ayTYxVk8N=w408-h306-k-no,true,"https://www.google.com/maps/search/dentistas+em+goiania/@-16.6706238,-49.4947203,11.5z?entry=ttu",2023-09-15T13:17:56.211Z,LGBTQ+ friendly
https://www.google.com/maps/place/Prof.+Carolina+Brito/data=!4m7!3m6!1s0x935ef1334924cb83:0x92781f6db3a0959a!8m2!3d-16.690814!4d-49.2577998!16s%2Fg%2F11hdr31zvc!19sChIJg8skSTPxXpMRmpWgs20feJI,Prof. Carolina Brito,,,Dentist,"R. 87, 415 - St. Sul, Goiânia - GO, 74093-300, Brazil","8P5R+MV St. Sul, Goiânia - State of Goiás, Brazil",https://www.doctoralia.com.br/carolina-brito/dentista/goiania?utm_source=google&utm_medium=gmb&utm_campaign=637353&utm_content=website,,,,,,,,,,https://streetviewpixels-pa.googleapis.com/v1/thumbnail?panoid=trqLG9tw07_r08IupuxPiQ&cb_client=search.gws-prod.gps&w=408&h=240&yaw=161.22484&pitch=0&thumbfov=100,true,"https://www.google.com/maps/search/dentistas+em+goiania/@-16.6706238,-49.4947203,11.5z?entry=ttu",2023-09-15T13:17:59.211Z,
https://www.google.com/maps/place/Regis+Augusto+Aleixo+Alves/data=!4m7!3m6!1s0x935ef3097b6cf8e3:0xea9ad8ee135d3415!8m2!3d-16.676607!4d-49.2703801!16s%2Fg%2F11hdqwbmd1!19sChIJ4_hsewnzXpMRFTRdE-7Ymuo,Regis Augusto Aleixo Alves,,,Dentist,"Ed. Olympus Plaza - R. 7-A, 165 - Sala 103 - St. Aeroporto, Goiânia - GO, 74075-230, Brazil","8PFH+9R St. Aeroporto, Goiânia - State of Goiás, Brazil",http://drregisaugustoaleixoalves.com/,+55 62 3225-2779,,,,,,,,,https://streetviewpixels-pa.googleapis.com/v1/thumbnail?panoid=OxepJUprX7PZ8VMD3Qnx6Q&cb_client=search.gws-prod.gps&w=408&h=240&yaw=89.98323&pitch=0&thumbfov=100,true,"https://www.google.com/maps/search/dentistas+em+goiania/@-16.6706238,-49.4947203,11.5z?entry=ttu",2023-09-15T13:18:01.844Z,
https://www.google.com/maps/place/GAP+Dentista/data=!4m7!3m6!1s0x935ef39333a7627d:0xc044485a03b938ef!8m2!3d-16.6582086!4d-49.2706932!16s%2Fg%2F11c6_x9y6d!19sChIJfWKnM5PzXpMR7zi5A1pIRMA,GAP Dentista,4.7,44,Oral surgeon,"Av. Bernardo Sayão, 2062 - St. Mal. Rondon, Goiânia - GO, 74560-070, Brazil","8PRH+PP St. Mal. Rondon, Goiânia - State of Goiás, Brazil",https://gapdentista.negocio.site/,+55 62 3211-2339,8 a.m.–8 p.m.,9 a.m.–12 p.m.,Closed,8 a.m.–8 p.m.,8 a.m.–8 p.m.,8 a.m.–8 p.m.,8 a.m.–8 p.m.,Open now,https://streetviewpixels-pa.googleapis.com/v1/thumbnail?panoid=21HuuL9yhk-eiRIo0Obipg&cb_client=search.gws-prod.gps&w=408&h=240&yaw=114.50918&pitch=0&thumbfov=100,true,"https://www.google.com/maps/search/dentistas+em+goiania/@-16.6706238,-49.4947203,11.5z?entry=ttu",2023-09-15T13:18:04.752Z,Identifies as women-owned
https://www.google.com/maps/place/Instituto+Odontol%C3%B3gico+Marista/data=!4m7!3m6!1s0x935ef14092aaaaab:0x9368a5750fc6a7d8!8m2!3d-16.6929236!4d-49.2676607!16s%2Fg%2F1tdj591d!19sChIJq6qqkkDxXpMR2KfGD3WlaJM,Instituto Odontológico Marista,5.0,9,Dentist,"R. 13, 734 - St. Marista, Goiânia - GO, 74150-140, Brazil","8P4J+RW St. Marista, Goiânia - State of Goiás, Brazil",,+55 62 3241-8090,8 a.m.–6 p.m.,Closed,Closed,8 a.m.–6 p.m.,8 a.m.–6 p.m.,8 a.m.–6 p.m.,8 a.m.–6 p.m.,Open now,https://streetviewpixels-pa.googleapis.com/v1/thumbnail?panoid=LXsDSttG14s26SsIrS4nnQ&cb_client=search.gws-prod.gps&w=408&h=240&yaw=248.4976&pitch=0&thumbfov=100,false,"https://www.google.com/maps/search/dentistas+em+goiania/@-16.6706238,-49.4947203,11.5z?entry=ttu",2023-09-15T13:18:07.612Z,
https://www.google.com/maps/place/Odonto+Design+Odontologia+Integrada/data=!4m7!3m6!1s0x935ef14296041215:0xc80b5e12f35c248b!8m2!3d-16.7159157!4d-49.2639888!16s%2Fg%2F12mkvn6kb!19sChIJFRIElkLxXpMRiyRc8xJeC8g,Odonto Design Odontologia Integrada,4.8,47,Oral surgeon,"R. S-1, 376 - St. Bueno, Goiânia - GO, 74230-220, Brazil","7PMP+JC St. Bueno, Goiânia - State of Goiás, Brazil",http://odontodesignonline.com.br/,+55 62 3255-3001,8 a.m.–6 p.m.,8 a.m.–12 p.m.,Closed,8 a.m.–6 p.m.,8 a.m.–6 p.m.,8 a.m.–6 p.m.,8 a.m.–6 p.m.,Open now,https://lh5.googleusercontent.com/p/AF1QipMmDXovGTSRSHbDxDfBoOH0pRJhqoFbVjrJ3VBp=w426-h240-k-no,true,"https://www.google.com/maps/search/dentistas+em+goiania/@-16.6706238,-49.4947203,11.5z?entry=ttu",2023-09-15T13:18:10.950Z,
https://www.google.com/maps/place/Clinica+Odontol%C3%B3gica+CLUBE+DO+DENTE/data=!4m7!3m6!1s0x935ef1a5d0b44377:0x1787535d7d18f7bf!8m2!3d-16.6761228!4d-49.2544145!16s%2Fg%2F11h55zj_p4!19sChIJd0O00KXxXpMRv_cYfV1Thxc,Clinica Odontológica CLUBE DO DENTE,5.0,45,Dentist,"R. 18, 376 - St. Central, Goiânia - GO, 74030-070, Brazil","8PFW+H6 St. Central, Goiânia - State of Goiás, Brazil",https://www.instagram.com/p/BzxwTpABHXy/?igshid=14j3ufciustu9,+55 62 99542-4950,1–7 p.m.,9 a.m.–1 p.m.,Closed,Closed,1–7 p.m.,1–7 p.m.,1–7 p.m.,Closed,https://lh5.googleusercontent.com/p/AF1QipMhLyvRsw3zkv8zXnq_wNp5u0k9bGKM31trYVUA=w427-h240-k-no,true,"https://www.google.com/maps/search/dentistas+em+goiania/@-16.6706238,-49.4947203,11.5z?entry=ttu",2023-09-15T13:18:13.843Z,
https://www.google.com/maps/place/Espa%C3%A7o+Odontol%C3%B3gico/data=!4m7!3m6!1s0x935ef64b8176f9ad:0xf32774ddcc8cfec0!8m2!3d-16.7297276!4d-49.3401657!16s%2Fg%2F11f57hsm7b!19sChIJrfl2gUv2XpMRwP6MzN10J_M,Espaço Odontológico,4.3,6,Dentist,"Avenida São Luiz qd 03 lt 09 num 289 Bairro - Vila Santa Rita - 5ª Etapa, Goiânia - GO, 74370-535, Brazil","7MC5+4W Vila Santa Rita - 5ª Etapa, Goiânia - State of Goiás, Brazil",,+55 62 98320-3860,"8 a.m.–12 p.m., 2–6 p.m.",8 a.m.–12 p.m.,Closed,"8 a.m.–12 p.m., 2–6 p.m.","8 a.m.–12 p.m., 2–6 p.m.","8 a.m.–12 p.m., 2–6 p.m.","8 a.m.–12 p.m., 2–6 p.m.",Open now,https://lh5.googleusercontent.com/p/AF1QipOhyZD8bD4p-jpZNrgBGem_6M5XYecALf-G4YN0=w408-h544-k-no,false,"https://www.google.com/maps/search/dentistas+em+goiania/@-16.6706238,-49.4947203,11.5z?entry=ttu",2023-09-15T13:18:17.214Z,
https://www.google.com/maps/place/Odontoclinic+Goi%C3%A2nia/data=!4m7!3m6!1s0x935ef1602dd9f30b:0x2e6ba357b80b740f!8m2!3d-16.6758709!4d-49.2610259!16s%2Fg%2F1w0sdyyv!19sChIJC_PZLWDxXpMRD3QLuFejay4,Odontoclinic Goiânia,5.0,16,Dentist,"Av. Anhanguera, 5389 - St. Central, Goiânia - GO, 74043-010, Brazil","8PFQ+MH St. Central, Goiânia - State of Goiás, Brazil",https://odontoclinic.com.br/unidades/goiania-centro/?step=1,+55 62 3070-2182,8 a.m.–6 p.m.,8 a.m.–12 p.m.,Closed,8 a.m.–6 p.m.,8 a.m.–6 p.m.,8 a.m.–6 p.m.,8 a.m.–6 p.m.,Open now,https://lh5.googleusercontent.com/p/AF1QipOcQkcxwyUoZJbOVwM2HOn_ZK_UBWIqCXXm6YqS=w408-h544-k-no,true,"https://www.google.com/maps/search/dentistas+em+goiania/@-16.6706238,-49.4947203,11.5z?entry=ttu",2023-09-15T13:18:20.063Z,
"https://www.google.com/maps/place/Sorridents+Campinas:+Dentista,+Cl%C3%ADnica+Odontol%C3%B3gica,+Clareamento+em+Goiania/data=!4m7!3m6!1s0x935ef5b801470b8d:0xc251ba97925f3663!8m2!3d-16.66901!4d-49.2922105!16s%2Fg%2F11nmj5f0dg!19sChIJjQtHAbj1XpMRYzZfkpe6UcI","Sorridents Campinas: Dentista, Clínica Odontológica, Clareamento em Goiania",4.9,30,Dental clinic,"R. Quintino Bocaiúva, 715 - Qd 37 Lt 08 - Campinas, Goiânia - GO, 74515-050, Brazil","8PJ5+94 Goiânia, State of Goiás, Brazil",https://sorridents.com.br/,+55 62 4141-9577,8 a.m.–7 p.m.,8 a.m.–2 p.m.,Closed,8 a.m.–7 p.m.,8 a.m.–7 p.m.,8 a.m.–7 p.m.,8 a.m.–7 p.m.,Open now,https://lh5.googleusercontent.com/p/AF1QipNcVc4Sur8p1zAUgR1J4Kxl9KlaMJJPoJNb9LUG=w408-h305-k-no,true,"https://www.google.com/maps/search/dentistas+em+goiania/@-16.6706238,-49.4947203,11.5z?entry=ttu",2023-09-15T13:18:23.359Z,
https://www.google.com/maps/place/Allure+Odontologia/data=!4m7!3m6!1s0x935ef14ec71cea63:0x4f4042013a8f2ff1!8m2!3d-16.7029356!4d-49.2651528!16s%2Fg%2F12vtr61xv!19sChIJY-ocx07xXpMR8S-POgFCQE8,Allure Odontologia,5.0,4,Dentist,"Av T-10 - Edifício New Times Square, Sala 1411 - St. Bueno, Goiânia - GO, 74223-060, Brazil","7PWM+RW St. Bueno, Goiânia - State of Goiás, Brazil",http://www.allureodontologia.com.br/,+55 62 3609-2657,8 a.m.–6 p.m.,Closed,Closed,8 a.m.–6 p.m.,8 a.m.–6 p.m.,8 a.m.–6 p.m.,8 a.m.–6 p.m.,Open now,https://lh5.googleusercontent.com/p/AF1QipO7MhUa_kpot_e2ah-DJd2dVxi1HYrPr3B32Pns=w408-h272-k-no,true,"https://www.google.com/maps/search/dentistas+em+goiania/@-16.6706238,-49.4947203,11.5z?entry=ttu",2023-09-15T13:18:26.326Z,
https://www.google.com/maps/place/Dentista+Odontologia+Cl%C3%ADnica+Dr+Carlos+%26+Dra+Marcella+-+Goi%C3%A2nia/data=!4m7!3m6!1s0x935ef12c3be2a343:0xcff9c1b576e85183!8m2!3d-16.7014185!4d-49.2676211!16s%2Fg%2F11j20hb_7s!19sChIJQ6PiOyzxXpMRg1HodrXB-c8,Dentista Odontologia Clínica Dr Carlos & Dra Marcella - Goiânia,5.0,2,Dental clinic,"Rua T-27 esq, R. T-53, 1855 - sala 3 - St. Bueno, Goiânia - GO, 74215-030, Brazil","7PXJ+CX St. Bueno, Goiânia - State of Goiás, Brazil",http://cdagoiania.com.br/,+55 62 3252-6331,8 a.m.–5 p.m.,Closed,Closed,8 a.m.–6 p.m.,8 a.m.–6 p.m.,8 a.m.–6 p.m.,8 a.m.–6 p.m.,Open now,https://lh5.googleusercontent.com/p/AF1QipOmvyDDRD3V-5wJTqcUbtC8Vw_yVS2tvrhr5o3R=w426-h240-k-no,true,"https://www.google.com/maps/search/dentistas+em+goiania/@-16.6706238,-49.4947203,11.5z?entry=ttu",2023-09-15T13:18:29.495Z,
https://www.google.com/maps/place/Centro+Odontol%C3%B3gico+Especializado/data=!4m7!3m6!1s0x935ef147ecc29e7d:0x63c8bbc838d47317!8m2!3d-16.6961948!4d-49.2728581!16s%2Fg%2F1tdvqtyb!19sChIJfZ7C7EfxXpMRF3PUOMi7yGM,Centro Odontológico Especializado,,,Dentist,"Rua T, 50 - St. Bueno, Goiânia - GO, 74215-200, Brazil","8P3G+GV St. Bueno, Goiânia - State of Goiás, Brazil",,+55 62 3285-7277,,,,,,,,,https://streetviewpixels-pa.googleapis.com/v1/thumbnail?panoid=7skMi_Oi7V0Lutaffu2WeA&cb_client=search.gws-prod.gps&w=408&h=240&yaw=232.22438&pitch=0&thumbfov=100,false,"https://www.google.com/maps/search/dentistas+em+goiania/@-16.6706238,-49.4947203,11.5z?entry=ttu",2023-09-15T13:18:32.234Z,
"https://www.google.com/maps/place/Sorridents+Centro:+Dentista,+Cl%C3%ADnica+Odontol%C3%B3gica,+Clareamento+em+Goi%C3%A2nia/data=!4m7!3m6!1s0x935ef161c31dd8c7:0xff8ce4e75eb6ab8c!8m2!3d-16.6756968!4d-49.2602318!16s%2Fg%2F11f5blxxbf!19sChIJx9gdw2HxXpMRjKu2XufkjP8","Sorridents Centro: Dentista, Clínica Odontológica, Clareamento em Goiânia",3.6,19,Dental clinic,"Av. Anhanguera, 5299 - Qd 21 - Lote 44 - St. Central, Goiânia - GO, 74043-011, Brazil","8PFQ+PW St. Central, Goiânia - State of Goiás, Brazil",https://sorridents.com.br/goiania-centro/,+55 62 3087-8305,8 a.m.–7 p.m.,8 a.m.–1 p.m.,Closed,8 a.m.–7 p.m.,8 a.m.–7 p.m.,8 a.m.–7 p.m.,8 a.m.–7 p.m.,Open now,https://lh5.googleusercontent.com/p/AF1QipOe7Hziut1HewE7TkLuzH1YD6OYFdh9NU9k2k5D=w408-h725-k-no,true,"https://www.google.com/maps/search/dentistas+em+goiania/@-16.6706238,-49.4947203,11.5z?entry=ttu",2023-09-15T13:18:35.503Z,
https://www.google.com/maps/place/Daruma+Odontologia/data=!4m7!3m6!1s0x935ef13a303a1e2b:0x785dbecf4cc39f42!8m2!3d-16.6924443!4d-49.2797578!16s%2Fg%2F1ptyc37dk!19sChIJKx46MDrxXpMRQp_DTM--XXg,Daruma Odontologia,5.0,3,Oral surgeon,"R. T-29, 358 - 606 - St. Bueno, Goiânia - GO, 74210-050, Brazil","8P5C+23 St. Bueno, Goiânia - State of Goiás, Brazil",http://www.darumaodontologia.com.br/,+55 62 3250-9480,8 a.m.–5 p.m.,Closed,Closed,8 a.m.–6 p.m.,8 a.m.–6 p.m.,8 a.m.–6 p.m.,8 a.m.–6 p.m.,Open now,https://lh5.googleusercontent.com/p/AF1QipOAJQTVk67mkSBGKTmlTFW5QZHFz0rnVM0mb731=w408-h270-k-no,true,"https://www.google.com/maps/search/dentistas+em+goiania/@-16.6706238,-49.4947203,11.5z?entry=ttu",2023-09-15T13:18:39.058Z,
https://www.google.com/maps/place/Clinic+Dental+Center/data=!4m7!3m6!1s0x935ef156e8f7614d:0x62c78be979298da1!8m2!3d-16.6824353!4d-49.2772821!16s%2Fg%2F1ptwcj0j0!19sChIJTWH36FbxXpMRoY0peemLx2I,Clinic Dental Center,4.2,145,Dental clinic,"Av. Perimetral, 2227 - qd r8 lt 07 - St. Oeste, Goiânia - GO, 74125-090, Brazil","8P9F+23 St. Oeste, Goiânia - State of Goiás, Brazil",https://clinica-nucleo-odonto.negocio.site/,+55 62 98139-1800,8 a.m.–6 p.m.,8 a.m.–12 p.m.,Closed,8 a.m.–7 p.m.,8 a.m.–7 p.m.,8 a.m.–7 p.m.,8 a.m.–6 p.m.,Open now,https://lh5.googleusercontent.com/p/AF1QipMn5O9EOTc10q-TJzpNFbDm1pRsgs2jZM6fddvs=w408-h271-k-no,true,"https://www.google.com/maps/search/dentistas+em+goiania/@-16.6706238,-49.4947203,11.5z?entry=ttu",2023-09-15T13:18:41.983Z,
https://www.google.com/maps/place/Uniodonto+Goiania+-+Dental+Plans/data=!4m7!3m6!1s0x935ef151f78769d1:0xa496a6454a6f1fc8!8m2!3d-16.6961108!4d-49.2720029!16s%2Fg%2F1tj97hd5!19sChIJ0WmH91HxXpMRyB9vSkWmlqQ,Uniodonto Goiania - Dental Plans,3.2,147,Dentist,"R. T-27, 1115 - QD 65 LT 04 - St. Bueno, Goiânia - GO, 74215-030, Brazil","8P3H+H5 St. Bueno, Goiânia - State of Goiás, Brazil",https://www.uniodontogoiania.coop.br/,+55 62 3254-9100,8 a.m.–6 p.m.,Closed,Closed,8 a.m.–6 p.m.,8 a.m.–6 p.m.,8 a.m.–6 p.m.,8 a.m.–6 p.m.,Open now,https://lh5.googleusercontent.com/p/AF1QipOKDe0xBpMievbJCsFoyordDehkAfkzUaB5-_CN=w408-h306-k-no,true,"https://www.google.com/maps/search/dentistas+em+goiania/@-16.6706238,-49.4947203,11.5z?entry=ttu",2023-09-15T13:18:45.077Z,
https://www.google.com/maps/place/Odontologia/data=!4m7!3m6!1s0x935ef132f5669491:0x6533690ddbd46e26!8m2!3d-16.7075379!4d-49.2817022!16s%2Fg%2F11b7qdwbmn!19sChIJkZRm9TLxXpMRJm7U2w1pM2U,Odontologia,4.5,16,Dental clinic,"Em frente ao Banco Itau - Av. T-9, 2256 - Quadra 523 - Jardim América, Goiânia - GO, 74255-220, Brazil","7PR9+X8 Jardim América, Goiânia - State of Goiás, Brazil",http://www.oraldesigngoiania.com.br/,+55 62 3110-5858,8 a.m.–6:30 p.m.,8 a.m.–12 p.m.,Closed,8 a.m.–6:30 p.m.,8 a.m.–6:30 p.m.,8 a.m.–6:30 p.m.,8 a.m.–6:30 p.m.,Open now,https://streetviewpixels-pa.googleapis.com/v1/thumbnail?panoid=kSqhzaGhKwu9_ivgPl-luQ&cb_client=search.gws-prod.gps&w=408&h=240&yaw=3.9048026&pitch=0&thumbfov=100,true,"https://www.google.com/maps/search/dentistas+em+goiania/@-16.6706238,-49.4947203,11.5z?entry=ttu",2023-09-15T13:18:48.626Z,
https://www.google.com/maps/place/TULIO+RASSI+ODONTOLOGIA/data=!4m7!3m6!1s0x935ef1611f769da3:0x9abeb90716c3b594!8m2!3d-16.6787136!4d-49.2605568!16s%2Fg%2F1tgz1p12!19sChIJo512H2HxXpMRlLXDFge5vpo,TULIO RASSI ODONTOLOGIA,5.0,3,Dental clinic,"R. 29-A, 48 - St. Central, Goiânia - GO, 74015-060, Brazil","8PCQ+GQ St. Central, Goiânia - State of Goiás, Brazil",https://instagram.com/tuliorassi?utm_medium=copy_link,+55 62 99265-5123,8 a.m.–6 p.m.,Closed,Closed,8 a.m.–6 p.m.,8 a.m.–6 p.m.,8 a.m.–6 p.m.,8 a.m.–6 p.m.,Open now,https://lh5.googleusercontent.com/p/AF1QipMu5BmkJMWMLbryvUTTV6AKlHawWIPkSyIqVz7I=w408-h720-k-no,true,"https://www.google.com/maps/search/dentistas+em+goiania/@-16.6706238,-49.4947203,11.5z?entry=ttu",2023-09-15T13:18:51.723Z,
https://www.google.com/maps/place/Odonto+Vida+Goi%C3%A2nia/data=!4m7!3m6!1s0x935ef381f44cfad5:0xed0485322cd2c1e8!8m2!3d-16.6388164!4d-49.281145!16s%2Fg%2F1thx9q6f!19sChIJ1fpM9IHzXpMR6MHSLDKFBO0,Odonto Vida Goiânia,5.0,1,Dentist,"Av. Brg. Faria Lima, 3473 - Granja Cruzeiro do Sul, Goiânia - GO, 74573-000, Brazil","9P69+FG Granja Cruzeiro do Sul, Goiânia - State of Goiás, Brazil",https://odonto-vida-goiania.negocio.site/?utm_source=gmb&utm_medium=referral,+55 62 3534-1288,7 a.m.–5 p.m.,Closed,Closed,7 a.m.–5 p.m.,7 a.m.–5 p.m.,7 a.m.–5 p.m.,7 a.m.–5 p.m.,Open now,https://lh5.googleusercontent.com/p/AF1QipPpAjuqSxIrHStIWvDoaq1BCExyW-v-iTmT1pFV=w408-h306-k-no,true,"https://www.google.com/maps/search/dentistas+em+goiania/@-16.6706238,-49.4947203,11.5z?entry=ttu",2023-09-15T13:18:54.810Z,
https://www.google.com/maps/place/Dr.+Allysson+Valad%C3%A3o/data=!4m7!3m6!1s0x935ef1687589cad9:0x8e51c0a34fe9b06b!8m2!3d-16.7075799!4d-49.2603127!16s%2Fg%2F11fzvt6whx!19sChIJ2cqJdWjxXpMRa7DpT6PAUY4,Dr. Allysson Valadão,4.9,49,Dentist,"Espaço Clínico Marista - Al. Cel. Eugênio Jardim - St. Marista, Goiânia - GO, 74175-100, Brazil","7PRQ+XV St. Marista, Goiânia - State of Goiás, Brazil",https://allyssonvaladao.com.br/,+55 62 98242-5631,8 a.m.–6 p.m.,Closed,Closed,8 a.m.–6 p.m.,8 a.m.–6 p.m.,8 a.m.–6 p.m.,8 a.m.–6 p.m.,Open now,https://lh5.googleusercontent.com/p/AF1QipMXOlxVowcCm2SKnh6bzbLSWmXuI76V3M5Lc9-a=w426-h240-k-no,true,"https://www.google.com/maps/search/dentistas+em+goiania/@-16.6706238,-49.4947203,11.5z?entry=ttu",2023-09-15T13:18:57.860Z,
https://www.google.com/maps/place/Odontologia+83/data=!4m7!3m6!1s0x935ef16d0736815f:0xb049572a4d2e53ec!8m2!3d-16.6906644!4d-49.2592761!16s%2Fg%2F1tw1fxv7!19sChIJX4E2B23xXpMR7FMuTSpXSbA,Odontologia 83,,,Dentist,"R. 87, 560 - St. Sul, Goiânia - GO, 74093-300, Brazil","8P5R+P7 St. Sul, Goiânia - State of Goiás, Brazil",,,,,,,,,,,https://streetviewpixels-pa.googleapis.com/v1/thumbnail?panoid=2XHbBYAUPX2MM3d6RQm8mw&cb_client=search.gws-prod.gps&w=408&h=240&yaw=0.15461144&pitch=0&thumbfov=100,false,"https://www.google.com/maps/search/dentistas+em+goiania/@-16.6706238,-49.4947203,11.5z?entry=ttu",2023-09-15T13:19:02.019Z,
https://www.google.com/maps/place/Leila+Flach+Dentista+em+Goi%C3%A2nia+Sant%C3%A9+Odontologia/data=!4m7!3m6!1s0x935ef7221f18b9b1:0x108022be4e223da9!8m2!3d-16.728475!4d-49.303475!16s%2Fg%2F11c0rqw30m!19sChIJsbkYHyL3XpMRqT0iTr4igBA,Leila Flach Dentista em Goiânia Santé Odontologia,4.7,39,Dental clinic,"Av. Ipanema, Quadra 03, Lote 10 nº 644 Sala 01 - Jardim Atlântico, Goiânia - GO, 74343-010, Brazil","7MCW+JJ Jardim Atlântico, Goiânia - State of Goiás, Brazil",https://linklovers.bio/draleilaflach,+55 62 3877-3141,"8 a.m.–12 p.m., 2–6 p.m.",Closed,Closed,"8 a.m.–12 p.m., 2–6 p.m.","8 a.m.–12 p.m., 2–6 p.m.","8 a.m.–12 p.m., 2–6 p.m.","8 a.m.–12 p.m., 2–6 p.m.",Open now,https://lh5.googleusercontent.com/p/AF1QipO-1cVprj13GSQDFrlHaXTAGawNYnyfY5wyF7NC=w408-h244-k-no,true,"https://www.google.com/maps/search/dentistas+em+goiania/@-16.6706238,-49.4947203,11.5z?entry=ttu",2023-09-15T13:19:05.550Z,
https://www.google.com/maps/place/Odontologia+Goi%C3%A2nia+2/data=!4m7!3m6!1s0x935ef306f61f6e23:0x1218c0ad6c47a15b!8m2!3d-16.6307631!4d-49.2498525!16s%2Fg%2F11cs3_rzn5!19sChIJI24f9gbzXpMRW6FHbK3AGBI,Odontologia Goiânia 2,4.4,14,Oral surgeon,"Av. Blvd. Conde dos Arcos, 428 - St. Goiânia 2, Goiânia - GO, 74663-130, Brazil","9Q92+M3 St. Goiânia 2, Goiânia - State of Goiás, Brazil",,+55 62 3567-8292,8 a.m.–7 p.m.,8 a.m.–12 p.m.,Closed,8 a.m.–7 p.m.,8 a.m.–7 p.m.,8 a.m.–7 p.m.,8 a.m.–7 p.m.,Open now,https://lh5.googleusercontent.com/p/AF1QipNhIJZPF13jLYTlT60jqedyPxkB6W1AxguMAlGt=w408-h544-k-no,true,"https://www.google.com/maps/search/dentistas+em+goiania/@-16.6706238,-49.4947203,11.5z?entry=ttu",2023-09-15T13:19:08.560Z,
https://www.google.com/maps/place/Odonto+Am%C3%A9rica/data=!4m7!3m6!1s0x935ef6cd4b0df001:0xb6f6537347606256!8m2!3d-16.7090887!4d-49.2838462!16s%2Fg%2F11g6mhcx31!19sChIJAfANS832XpMRVmJgR3NT9rY,Odonto América,4.7,14,Dentist,"Rua C-149 - Esq. C-220, Quadra 288, Lote 17 - Jardim América, Goiânia - GO, 74275-080, Brazil","7PR8+9F Jardim América, Goiânia - State of Goiás, Brazil",http://www.odontoamerica.com/,+55 62 3251-0935,8:30 a.m.–6 p.m.,Closed,Closed,8:30 a.m.–6 p.m.,8:30 a.m.–6 p.m.,8:30 a.m.–6 p.m.,8:30 a.m.–6 p.m.,Open now,https://lh5.googleusercontent.com/p/AF1QipPmTUdQkIhbQ2bBpZq7Auu4RRtnh3c84xadDx0K=w485-h240-k-no,true,"https://www.google.com/maps/search/dentistas+em+goiania/@-16.6706238,-49.4947203,11.5z?entry=ttu",2023-09-15T13:19:11.412Z,
https://www.google.com/maps/place/EF+Odontologia/data=!4m7!3m6!1s0x935ef05130000001:0x27ae536693cf655d!8m2!3d-16.6867873!4d-49.2522998!16s%2Fg%2F1ttphzqs!19sChIJAQAAMFHwXpMRXWXPk2ZTric,EF Odontologia,4.3,11,Dentist,"R. 104, 251 - St. Sul, Goiânia - GO, 74083-300, Brazil","8P7X+73 St. Sul, Goiânia - State of Goiás, Brazil",,+55 62 3241-3848,"8 a.m.–12 p.m., 2–6 p.m.",8 a.m.–12 p.m.,Closed,"8 a.m.–12 p.m., 2–6 p.m.","8 a.m.–12 p.m., 2–6 p.m.","8 a.m.–12 p.m., 2–6 p.m.","8 a.m.–12 p.m., 2–6 p.m.",Open now,https://lh5.googleusercontent.com/p/AF1QipN-hBOtqf4_EJFF49GrkmJyUQomgDoEz5OZMISx=w426-h240-k-no,true,"https://www.google.com/maps/search/dentistas+em+goiania/@-16.6706238,-49.4947203,11.5z?entry=ttu",2023-09-15T13:19:14.659Z,
"https://www.google.com/maps/place/Fares+Dallal+Odontologia+-+Implantodontia,+Periodontia,+Pl%C3%A1stica+Gengival,+Est%C3%A9tica+e+Odontologia+Geral/data=!4m7!3m6!1s0x935ef13b1a7d68a1:0x80ef7a38c2224840!8m2!3d-16.7044934!4d-49.2706591!16s%2Fg%2F1pv6yhmdb!19sChIJoWh9GjvxXpMRQEgiwjh674A","Fares Dallal Odontologia - Implantodontia, Periodontia, Plástica Gengival, Estética e Odontologia Geral",5.0,13,Dentist,"Clinica Orto Saúde - Av. T-2, 224 - Sala 303 - St. Bueno, Goiânia - GO, 74210-010, Brazil","7PWH+6P St. Bueno, Goiânia - State of Goiás, Brazil",https://www.faresodontologia.com.br/,+55 62 3251-0434,8 a.m.–6 p.m.,8:30 a.m.–1 p.m.,Closed,8 a.m.–6 p.m.,8 a.m.–6 p.m.,8 a.m.–6 p.m.,8 a.m.–6 p.m.,Open now,https://streetviewpixels-pa.googleapis.com/v1/thumbnail?panoid=yIcYZNH4P0oL6nLaQYlSUw&cb_client=search.gws-prod.gps&w=408&h=240&yaw=54.048325&pitch=0&thumbfov=100,true,"https://www.google.com/maps/search/dentistas+em+goiania/@-16.6706238,-49.4947203,11.5z?entry=ttu",2023-09-15T13:19:17.534Z,LGBTQ+ friendly
https://www.google.com/maps/place/Leonardo+Bueno+Odontologia+Especializada/data=!4m7!3m6!1s0x935ef1387e66eeab:0xd2bc53740487590e!8m2!3d-16.6971104!4d-49.2716026!16s%2Fg%2F11dymg17wb!19sChIJq-5mfjjxXpMRDlmHBHRTvNI,Leonardo Bueno Odontologia Especializada,5.0,21,Dentist,"R. T-27, 1214 - St. Bueno, Goiânia - GO, 74215-030, Brazil","8P3H+59 St. Bueno, Goiânia - State of Goiás, Brazil",http://leonardobuenoodontologia.com.br/,+55 62 99314-2324,8 a.m.–6 p.m.,Closed,Closed,8 a.m.–6 p.m.,8 a.m.–6 p.m.,8 a.m.–6 p.m.,8 a.m.–6 p.m.,Open now,https://lh5.googleusercontent.com/p/AF1QipOmWSXSPoo36SD_PdmJFWCufzpKJM4BnbZg_Qjc=w408-h306-k-no,true,"https://www.google.com/maps/search/dentistas+em+goiania/@-16.6706238,-49.4947203,11.5z?entry=ttu",2023-09-15T13:19:20.341Z,
"https://www.google.com/maps/place/Odontologia+Cl%C3%ADnico+Geral,+Adultos+E+Crian%C3%A7as/data=!4m7!3m6!1s0x935ef152ef66fe7b:0xc2c778a81a543227!8m2!3d-16.6880811!4d-49.2824179!16s%2Fg%2F11h4n1gt4c!19sChIJe_5m71LxXpMRJzJUGqh4x8I","Odontologia Clínico Geral, Adultos E Crianças",,,Dentist,"R. T-42, 75 - St. Bueno, Goiânia - GO, 74210-350, Brazil","8P69+Q2 St. Bueno, Goiânia - State of Goiás, Brazil",,,,,,,,,,,https://streetviewpixels-pa.googleapis.com/v1/thumbnail?panoid=VIGdUUI2itguycygTKGigg&cb_client=search.gws-prod.gps&w=408&h=240&yaw=189.42113&pitch=0&thumbfov=100,false,"https://www.google.com/maps/search/dentistas+em+goiania/@-16.6706238,-49.4947203,11.5z?entry=ttu",2023-09-15T13:19:23.787Z,
https://www.google.com/maps/place/Dra.+Mar%C3%ADlia+Barbosa+-+Invisalign+Doctor+em+Goi%C3%A2nia/data=!4m7!3m6!1s0x935ef0ce40e11c5f:0x57b5b9fb88d8f73f!8m2!3d-16.727683!4d-49.2785076!16s%2Fg%2F11cl_h5c1c!19sChIJXxzhQM7wXpMRP_fYiPu5tVc,Dra. Marília Barbosa - Invisalign Doctor em Goiânia,5.0,39,Dental clinic,"esq. rua Tambuqui, Praça Sen. José Rodrigues de Morais Filho - Parque Amazonia, Goiânia - GO, 74835-520, Brazil","7PCC+WH Parque Amazonia, Goiânia - State of Goiás, Brazil",http://instagram.com/dramariliabarbosa,+55 62 3248-3341,"8 a.m.–12 p.m., 2–6 p.m.",Closed,Closed,"8 a.m.–12 p.m., 2–6 p.m.","8 a.m.–12 p.m., 2–6 p.m.","8 a.m.–12 p.m., 2–6 p.m.","8 a.m.–12 p.m., 2–6 p.m.",Open now,https://lh5.googleusercontent.com/p/AF1QipOC1koYG4LN-oWCY2EGFGOniFB74DAG2qM8PlwP=w408-h544-k-no,true,"https://www.google.com/maps/search/dentistas+em+goiania/@-16.6706238,-49.4947203,11.5z?entry=ttu",2023-09-15T13:19:27.292Z,
https://www.google.com/maps/place/Cirurgi%C3%A3o+Dentista+buco-maxilo-facial+-+Dr.+Saulo+de+Tarso+Boaventura+Borges/data=!4m7!3m6!1s0x935ef3aba9ac2c85:0x5a12e9665ba20528!8m2!3d-16.6432244!4d-49.2744228!16s%2Fg%2F11h_6xpmk5!19sChIJhSysqavzXpMRKAWiW2bpElo,Cirurgião Dentista buco-maxilo-facial - Dr. Saulo de Tarso Boaventura Borges,5.0,22,Surgeon,"Av. Rio Branco, 505 - QD 03 LT 29 - St. Urias Magalhães, Goiânia - GO, 74565-070, Brazil","9P4G+P6 St. Urias Magalhães, Goiânia - State of Goiás, Brazil",https://www.doctoralia.com.br/saulo-de-tarso-boaventura-borges-2/cirurgiao-buco-maxilo-facial-dentista/goiania?utm_source=google&utm_medium=gmb&utm_campaign=548954&utm_content=website,+55 62 99393-3223,8 a.m.–6 p.m.,8 a.m.–12 p.m.,Closed,8 a.m.–6 p.m.,8 a.m.–6 p.m.,8 a.m.–6 p.m.,8 a.m.–6 p.m.,Open now,https://streetviewpixels-pa.googleapis.com/v1/thumbnail?panoid=ELVg-brmdthBhpERis0kbw&cb_client=search.gws-prod.gps&w=408&h=240&yaw=320.94476&pitch=0&thumbfov=100,true,"https://www.google.com/maps/search/dentistas+em+goiania/@-16.6706238,-49.4947203,11.5z?entry=ttu",2023-09-15T13:19:30.150Z,
https://www.google.com/maps/place/Odontologia/data=!4m7!3m6!1s0x935ef3e73bd7797f:0xb0a1fdfd57a9b957!8m2!3d-16.6706638!4d-49.2654627!16s%2Fg%2F11dx9h6cx5!19sChIJf3nXO-fzXpMRV7mpV_39obA,Odontologia,3.0,2,Dentist,"R. 13-A - St. Aeroporto, Goiânia - GO, 74075-140, Brazil","8PHM+PR St. Aeroporto, Goiânia - State of Goiás, Brazil",,+55 62 3223-6668,8 a.m.–6 p.m.,8 a.m.–12 p.m.,Closed,8 a.m.–6 p.m.,8 a.m.–6 p.m.,8 a.m.–6 p.m.,8 a.m.–6 p.m.,Open now,https://streetviewpixels-pa.googleapis.com/v1/thumbnail?panoid=Xf_dqq6YGuWOaDN1gwlh8A&cb_client=search.gws-prod.gps&w=408&h=240&yaw=341.77133&pitch=0&thumbfov=100,false,"https://www.google.com/maps/search/dentistas+em+goiania/@-16.6706238,-49.4947203,11.5z?entry=ttu",2023-09-15T13:19:33.377Z,
https://www.google.com/maps/place/Camargo+Odontologia/data=!4m7!3m6!1s0x935ef40e151e98f1:0x15a48f33a8bcd9ab!8m2!3d-16.6694807!4d-49.292845!16s%2Fg%2F11c585g0dr!19sChIJ8ZgeFQ70XpMRq9m8qDOPpBU,Camargo Odontologia,5.0,109,Oral surgeon,"Av. Honestino Guimarães, 1016 - campinas, Goiânia - GO, 74510-020, Brazil","8PJ4+6V Goiânia, State of Goiás, Brazil",,+55 62 3945-0055,,,,,,,,,https://lh5.googleusercontent.com/p/AF1QipMAkJIZ8PIYxBWXPfGACawKfl3AL_lIVcDQNCJ_=w408-h544-k-no,true,"https://www.google.com/maps/search/dentistas+em+goiania/@-16.6706238,-49.4947203,11.5z?entry=ttu",2023-09-15T13:19:36.888Z,
"https://www.google.com/maps/place/Reabilit%C3%AA+Odontologia,+Dentista+em+Goi%C3%A2nia/data=!4m7!3m6!1s0x935ef6d2068a3571:0x7c8257cbbd4a087c!8m2!3d-16.7108481!4d-49.2885879!16s%2Fg%2F1hjh27d45!19sChIJcTWKBtL2XpMRfAhKvctXgnw","Reabilitê Odontologia, Dentista em Goiânia",4.6,15,Oral surgeon,"Av. C-104, Q.282 - N.711 - Jardim América, Goiânia - GO, 74250-030, Brazil","7PQ6+MH Jardim América, Goiânia - State of Goiás, Brazil",http://reabiliteodontologia.com.br/,+55 62 98448-9105,8 a.m.–6 p.m.,Closed,Closed,8 a.m.–6 p.m.,8 a.m.–6 p.m.,8 a.m.–6 p.m.,8 a.m.–6 p.m.,Open now,https://lh5.googleusercontent.com/p/AF1QipPD_Bz6q8Sm7e3_3tDSaykImN3BoZKFFOARS_x5=w408-h255-k-no,true,"https://www.google.com/maps/search/dentistas+em+goiania/@-16.6706238,-49.4947203,11.5z?entry=ttu",2023-09-15T13:19:40.133Z,
https://www.google.com/maps/place/Inovar+Odontologia+Especializada/data=!4m7!3m6!1s0x935ef5a850755507:0x5197593722fb07ea!8m2!3d-16.6556728!4d-49.3328354!16s%2Fg%2F11bzwn8kw1!19sChIJB1V1UKj1XpMR6gf7IjdZl1E,Inovar Odontologia Especializada,4.9,34,Dentist,"Av. Inhumas, 215 - Vila Regina, Goiânia - GO, 74453-540, Brazil","8MV8+PV Vila Regina, Goiânia - State of Goiás, Brazil",,+55 62 3297-8886,9 a.m.–6 p.m.,9 a.m.–12 p.m.,Closed,9 a.m.–6 p.m.,9 a.m.–6 p.m.,9 a.m.–6 p.m.,9 a.m.–6 p.m.,Open now,https://lh5.googleusercontent.com/p/AF1QipNv275nh9ZM6mz-lngTqtGD_7U9aMOR_hKufG21=w426-h240-k-no,true,"https://www.google.com/maps/search/dentistas+em+goiania/@-16.6706238,-49.4947203,11.5z?entry=ttu",2023-09-15T13:19:43.201Z,
https://www.google.com/maps/place/Odonto+Cerrado/data=!4m7!3m6!1s0x935ef1235899a469:0x1ecc147a8b56bc5c!8m2!3d-16.7067907!4d-49.2689084!16s%2Fg%2F1pxwdp2mz!19sChIJaaSZWCPxXpMRXLxWi3oUzB4,Odonto Cerrado,4.8,4,Dentist,"Av. T-11, 503 - Quadra 117 - St. Bueno, Goiânia - GO, 74223-070, Brazil","7PVJ+7C St. Bueno, Goiânia - State of Goiás, Brazil",,+55 62 3275-1161,8 a.m.–6 p.m.,8 a.m.–12 p.m.,Closed,8 a.m.–6 p.m.,8 a.m.–6 p.m.,8 a.m.–6 p.m.,8 a.m.–6 p.m.,Open now,https://streetviewpixels-pa.googleapis.com/v1/thumbnail?panoid=IcepujMJsqnX-03k1ECQ5w&cb_client=search.gws-prod.gps&w=408&h=240&yaw=184.1149&pitch=0&thumbfov=100,false,"https://www.google.com/maps/search/dentistas+em+goiania/@-16.6706238,-49.4947203,11.5z?entry=ttu",2023-09-15T13:19:47.026Z,
https://www.google.com/maps/place/Via+Vida+Odonto+e+Est%C3%A9tica/data=!4m7!3m6!1s0x935ef3fa74f4ee07:0x7c9528a1432354e5!8m2!3d-16.6698076!4d-49.2776321!16s%2Fg%2F11b63cgbxq!19sChIJB-70dPrzXpMR5VQjQ6EolXw,Via Vida Odonto e Estética,4.7,6,Dentist,"R. P-16, 674 - St. dos Funcionários, Goiânia - GO, 74543-040, Brazil","8PJC+3W St. dos Funcionários, Goiânia - State of Goiás, Brazil",,+55 62 3294-2422,8 a.m.–6 p.m.,Closed,Closed,8 a.m.–6 p.m.,8 a.m.–6 p.m.,8 a.m.–6 p.m.,8 a.m.–6 p.m.,Open now,https://lh5.googleusercontent.com/p/AF1QipN3_S0eEkDixFWUD79kh0Ux-M-vtFIkH2njDOuG=w408-h306-k-no,true,"https://www.google.com/maps/search/dentistas+em+goiania/@-16.6706238,-49.4947203,11.5z?entry=ttu",2023-09-15T13:19:50.512Z,
https://www.google.com/maps/place/Odontol+Goi%C3%A2nia/data=!4m7!3m6!1s0x935ef699a41133a5:0x71312e010cc79f18!8m2!3d-16.693849!4d-49.3078353!16s%2Fg%2F11j1329g96!19sChIJpTMRpJn2XpMRGJ_HDAEuMXE,Odontol Goiânia,5.0,1,Dentist,"esquina com - Rua Luiz de Matos, R. C-102 - St. Sudoeste, Goiânia - GO, 74303-070, Brazil","8M4R+FV St. Sudoeste, Goiânia - State of Goiás, Brazil",,+55 62 4101-3081,8 a.m.–6 p.m.,8 a.m.–12 p.m.,Closed,8 a.m.–6 p.m.,8 a.m.–6 p.m.,8 a.m.–6 p.m.,8 a.m.–6 p.m.,Open now,https://streetviewpixels-pa.googleapis.com/v1/thumbnail?panoid=7357SuGx9Mg-MMVK269O0A&cb_client=search.gws-prod.gps&w=408&h=240&yaw=2.5078242&pitch=0&thumbfov=100,true,"https://www.google.com/maps/search/dentistas+em+goiania/@-16.6706238,-49.4947203,11.5z?entry=ttu",2023-09-15T13:19:53.987Z,
"https://www.google.com/maps/place/Dr.+Cristiano+Lopes+Belem,+Dentista/data=!4m7!3m6!1s0x935ef10ef7a366f7:0x7724fee84403db44!8m2!3d-16.6980572!4d-49.2510681!16s%2Fg%2F1tdnx_5l!19sChIJ92aj9w7xXpMRRNsDROj-JHc","Dr. Cristiano Lopes Belem, Dentista",1.0,1,Dentist,"Av. Dep. Jamel Cecílio, 1362 - 2° Piso - St. Sul, Goiânia - GO, 74085-580, Brazil","8P2X+QH St. Sul, Goiânia - State of Goiás, Brazil",https://www.doctoralia.com.br/cristiano-lopes-belem/dentista/goiania?utm_source=google&utm_medium=gmb&utm_campaign=276667&utm_content=website,+55 62 98628-2797,8 a.m.–5 p.m.,Closed,Closed,8 a.m.–6 p.m.,8 a.m.–6 p.m.,8 a.m.–6 p.m.,8 a.m.–6 p.m.,Open now,https://lh5.googleusercontent.com/p/AF1QipOFfr-e50wfgUpBVQA6-gouCtLeSXlp7nWZ0qmj=w408-h408-k-no,true,"https://www.google.com/maps/search/dentistas+em+goiania/@-16.6706238,-49.4947203,11.5z?entry=ttu",2023-09-15T13:19:57.584Z,
https://www.google.com/maps/place/Dr+DelFiaco+Dentista+Cl%C3%ADnica+Delfiaco/data=!4m7!3m6!1s0x935ef0532d623b51:0xfae20726e2f729e6!8m2!3d-16.7024862!4d-49.2579757!16s%2Fg%2F11byvpkh0k!19sChIJUTtiLVPwXpMR5in34iYH4vo,Dr DelFiaco Dentista Clínica Delfiaco,5.0,1,Oral surgeon,"Alameda Ricardo Paranhos, n.799 - St. Marista, Goiânia - GO, 74175-120, Brazil","7PXR+2R St. Marista, Goiânia - State of Goiás, Brazil",,+55 62 3229-0077,9 a.m.–5 p.m.,9 a.m.–5 p.m.,Closed,9 a.m.–5 p.m.,9 a.m.–5 p.m.,9 a.m.–5 p.m.,9 a.m.–5 p.m.,Open now,https://streetviewpixels-pa.googleapis.com/v1/thumbnail?panoid=x7gvY97e7TPzdSLXb27ptw&cb_client=search.gws-prod.gps&w=408&h=240&yaw=316.75504&pitch=0&thumbfov=100,false,"https://www.google.com/maps/search/dentistas+em+goiania/@-16.6706238,-49.4947203,11.5z?entry=ttu",2023-09-15T13:20:00.833Z,
https://www.google.com/maps/place/Dentista/data=!4m7!3m6!1s0x935ef3d27c3bc7b5:0xa8fe627155c16247!8m2!3d-16.6625242!4d-49.2465914!16s%2Fg%2F11h8l1fp7d!19sChIJtcc7fNLzXpMRR2LBVXFi_qg,Dentista,,,Dentist,"R. 214 - St. Leste Vila Nova, Goiânia - GO, 74645-130, Brazil","8QP3+X9 St. Leste Vila Nova, Goiânia - State of Goiás, Brazil",,,,,,,,,,,https://streetviewpixels-pa.googleapis.com/v1/thumbnail?panoid=WMSVud9puD0mGdmXbk4CKg&cb_client=search.gws-prod.gps&w=408&h=240&yaw=152.54776&pitch=0&thumbfov=100,false,"https://www.google.com/maps/search/dentistas+em+goiania/@-16.6706238,-49.4947203,11.5z?entry=ttu",2023-09-15T13:20:04.056Z,
https://www.google.com/maps/place/Dr.+Anderson+Borges+%7C+AB+Odontologia+%7C+Implantes+dent%C3%A1rios+%7C+Facetas+%7C+Lentes+%7C+Dentista+%7C+%C3%93rion+Complex+%7C+Ronco+%7C+Apn%C3%A9ia/data=!4m7!3m6!1s0x935ef5ad778aaf49:0x7011d621a86e3814!8m2!3d-16.682075!4d-49.3117833!16s%2Fg%2F11szf2h_qb!19sChIJSa-Kd631XpMRFDhuqCHWEXA,Dr. Anderson Borges | AB Odontologia | Implantes dentários | Facetas | Lentes | Dentista | Órion Complex | Ronco | Apnéia,4.5,8,Dental clinic,"Av. Armando de Godói, Qd 227 - Cidade Jardim, Goiânia - GO, 74423-010, Brazil","8M9Q+57 Cidade Jardim, Goiânia - State of Goiás, Brazil",http://abodontologia.com/,+55 62 3988-4141,8 a.m.–6 p.m.,Closed,Closed,8 a.m.–6 p.m.,8 a.m.–6 p.m.,8 a.m.–6 p.m.,8 a.m.–6 p.m.,Open now,https://lh5.googleusercontent.com/p/AF1QipM7z6v1okBIwGBaGvruSXxg1bJsBh32U8rEdw-q=w408-h611-k-no,true,"https://www.google.com/maps/search/dentistas+em+goiania/@-16.6706238,-49.4947203,11.5z?entry=ttu",2023-09-15T13:20:08.106Z,LGBTQ+ friendly
https://www.google.com/maps/place/Cl%C3%ADnica+Odontol%C3%B3gica+Central/data=!4m7!3m6!1s0x935ef3deb998fd21:0x75d7780393435671!8m2!3d-16.6789974!4d-49.2568581!16s%2Fg%2F1v6wqdpy!19sChIJIf2Yud7zXpMRcVZDkwN413U,Clínica Odontológica Central,,,Dentist,"Av. Goiás, 4 - St. Central, Goiânia - GO, 74000-501, Brazil","8PCV+C7 St. Central, Goiânia - State of Goiás, Brazil",,+55 62 3223-4490,,,,,,,,,https://streetviewpixels-pa.googleapis.com/v1/thumbnail?panoid=7XX--Xo0V1UFao-Y6qbdBA&cb_client=search.gws-prod.gps&w=408&h=240&yaw=222.37569&pitch=0&thumbfov=100,false,"https://www.google.com/maps/search/dentistas+em+goiania/@-16.6706238,-49.4947203,11.5z?entry=ttu",2023-09-15T13:20:10.948Z,
https://www.google.com/maps/place/Consult%C3%B3rio+Odontol%C3%B3gico/data=!4m7!3m6!1s0x935ef13e86835f71:0x778ad64778ed494c!8m2!3d-16.6998013!4d-49.2669256!16s%2Fg%2F11b6htvcxv!19sChIJcV-Dhj7xXpMRTEnteEfWinc,Consultório Odontológico,,,Dentist,"Rua 15 Q J14, Lt2 NR858, s/n - St. Marista, Goiânia - GO, 74150-150, Brazil","8P2M+36 Goiânia, State of Goiás, Brazil",,,,,,,,,,,https://streetviewpixels-pa.googleapis.com/v1/thumbnail?panoid=gEUtCIbyQINak2DSHl3keQ&cb_client=search.gws-prod.gps&w=408&h=240&yaw=143.02321&pitch=0&thumbfov=100,false,"https://www.google.com/maps/search/dentistas+em+goiania/@-16.6706238,-49.4947203,11.5z?entry=ttu",2023-09-15T13:20:13.963Z,
https://www.google.com/maps/place/Odonto+Dentys/data=!4m7!3m6!1s0x935ef6ebf4c4d0d3:0x937fbb8799edd366!8m2!3d-16.7094386!4d-49.3091116!16s%2Fg%2F11gb3pjls9!19sChIJ09DE9Ov2XpMRZtPtmYe7f5M,Odonto Dentys,5.0,4,Dentist,"Av. dos Alpes, 1455 - Vila dos Alpes, Goiânia - GO, 74325-010, Brazil","7MRR+69 Vila dos Alpes, Goiânia - State of Goiás, Brazil",,+55 62 3247-3125,8 a.m.–6 p.m.,Closed,Closed,8 a.m.–6 p.m.,8 a.m.–6 p.m.,8 a.m.–6 p.m.,8 a.m.–6 p.m.,Open now,https://lh5.googleusercontent.com/p/AF1QipO-y26APGQFdUt8REqnz56BCMXM_S0egKjjJmoM=w426-h240-k-no,false,"https://www.google.com/maps/search/dentistas+em+goiania/@-16.6706238,-49.4947203,11.5z?entry=ttu",2023-09-15T13:20:17.258Z,
https://www.google.com/maps/place/Instituto+Matka+Dentista+Goi%C3%A2nia/data=!4m7!3m6!1s0x935ef1f3744bbcdb:0xf31c549eb443d0de!8m2!3d-16.6990998!4d-49.257994!16s%2Fg%2F11sr9yvrx7!19sChIJ27xLdPPxXpMR3tBDtJ5UHPM,Instituto Matka Dentista Goiânia,5.0,42,Dental clinic,"Rua 1136, num. 246. Edifício Personalite Business, sala 608, Goiânia - GO, 74180-150, Brazil","8P2R+9R Goiânia, State of Goiás, Brazil",,+55 62 99946-8115,8 a.m.–6 p.m.,8–11 a.m.,Closed,8 a.m.–6 p.m.,8 a.m.–6 p.m.,8 a.m.–6 p.m.,8 a.m.–6 p.m.,Open now,https://lh5.googleusercontent.com/p/AF1QipNkxu_ugxhSdDnzq_ZTbp2JaDYUQTQhJIYyZ96P=w408-h272-k-no,true,"https://www.google.com/maps/search/dentistas+em+goiania/@-16.6706238,-49.4947203,11.5z?entry=ttu",2023-09-15T13:20:19.976Z,LGBTQ+ friendly
https://www.google.com/maps/place/Odonto+Bueno/data=!4m7!3m6!1s0x935ef130b6f6c547:0x1cabf04f0443409!8m2!3d-16.7028344!4d-49.2750138!16s%2Fg%2F11gfd33cnd!19sChIJR8X2tjDxXpMRCTRE8AS_ygE,Odonto Bueno,3.7,3,Dentist,"R. T-33, 87 - St. Bueno, Goiânia - GO, 74215-140, Brazil","7PWF+VX St. Bueno, Goiânia - State of Goiás, Brazil",,,,,,,,,,,https://streetviewpixels-pa.googleapis.com/v1/thumbnail?panoid=axCEaSXt5HFSlvAh7WSbvQ&cb_client=search.gws-prod.gps&w=408&h=240&yaw=83.64571&pitch=0&thumbfov=100,false,"https://www.google.com/maps/search/dentistas+em+goiania/@-16.6706238,-49.4947203,11.5z?entry=ttu",2023-09-15T13:20:22.869Z,
https://www.google.com/maps/place/Premier+Odontologia/data=!4m7!3m6!1s0x935ef0947ad7de37:0x821d4743e3382eb1!8m2!3d-16.735174!4d-49.2593953!16s%2Fg%2F11dxs3dxw4!19sChIJN97XepTwXpMRsS4440NHHYI,Premier Odontologia,4.6,20,Dentist,"Av. Rudá, 900-912 - Vila Brasilia, Goiânia - GO, 74905-500, Brazil","7P7R+W6 Vila Brasilia, Aparecida de Goiânia - State of Goiás, Brazil",,+55 62 99667-8906,8 a.m.–6 p.m.,8 a.m.–12 p.m.,Closed,8 a.m.–6 p.m.,8 a.m.–6 p.m.,8 a.m.–6 p.m.,8 a.m.–6 p.m.,Open now,https://lh5.googleusercontent.com/p/AF1QipPNqPd2pM0lFpK6K2ZkUyiM771nd-SOIbVW8bgP=w408-h544-k-no,true,"https://www.google.com/maps/search/dentistas+em+goiania/@-16.6706238,-49.4947203,11.5z?entry=ttu",2023-09-15T13:20:25.925Z,
https://www.google.com/maps/place/Consult%C3%B3rio+odontol%C3%B3gico+Dra.+Ana+Caroline+Farias/data=!4m7!3m6!1s0x935ef1adda10bbc3:0x11793c077e524e73!8m2!3d-16.6877422!4d-49.2501292!16s%2Fg%2F11q7sp8l8j!19sChIJw7sQ2q3xXpMRc05Sfgc8eRE,Consultório odontológico Dra. Ana Caroline Farias,5.0,3,Dentist,"R. 86, 365 - St. Sul, Goiânia - GO, 74083-380, Brazil","8P6X+WW St. Sul, Goiânia - State of Goiás, Brazil",https://linktr.ee/AnaCarolineFariasodontologia,+55 62 98431-9940,7:30 a.m.–6 p.m.,Closed,Closed,7:30 a.m.–6 p.m.,7:30 a.m.–6 p.m.,7:30 a.m.–6 p.m.,7:30 a.m.–6 p.m.,Open now,https://lh5.googleusercontent.com/p/AF1QipNkdciQ-W0ULuYxnex_MBxffQdE7NQNqDeQDfcu=w408-h408-k-no,true,"https://www.google.com/maps/search/dentistas+em+goiania/@-16.6706238,-49.4947203,11.5z?entry=ttu",2023-09-15T13:20:30.147Z,
https://www.google.com/maps/place/Dra.+Marielly+Lopes+Da+Cunha/data=!4m7!3m6!1s0x935ef1b0d067bb27:0xc792357435174a32!8m2!3d-16.6988198!4d-49.2583375!16s%2Fg%2F11f62h57z9!19sChIJJ7tn0LDxXpMRMkoXNXQ1ksc,Dra. Marielly Lopes Da Cunha,5.0,1,Dentist,"Rua 1136, Qd. 237, 2° andar, sala 209 - St. Marista, Goiânia - GO, 74180-150, Brazil","8P2R+FM St. Marista, Goiânia - State of Goiás, Brazil",,+55 62 98212-4432,8 a.m.–6 p.m.,8 a.m.–12 p.m.,Closed,8 a.m.–6 p.m.,8 a.m.–6 p.m.,8 a.m.–6 p.m.,8 a.m.–6 p.m.,Open now,https://lh5.googleusercontent.com/p/AF1QipNuetIOLzDb0L9fq08l4Sii3lun2OLw9bL0mJlu=w408-h306-k-no,false,"https://www.google.com/maps/search/dentistas+em+goiania/@-16.6706238,-49.4947203,11.5z?entry=ttu",2023-09-15T13:20:33.189Z,
https://www.google.com/maps/place/IGOI+-+Goiano+Institute+of+Orthodontics+and+implants/data=!4m7!3m6!1s0x935ef0fcdb3f3893:0xc592e441cc11debb!8m2!3d-16.714633!4d-49.2529484!16s%2Fg%2F1pzplsnxh!19sChIJkzg_2_zwXpMRu94RzEHkksU,IGOI - Goiano Institute of Orthodontics and implants,3.7,15,Dental clinic,"Praça Terminal Isidória, 200 - St. Pedro Ludovico, Goiânia - GO, 74823-050, Brazil","7PPW+4R St. Pedro Ludovico, Goiânia - State of Goiás, Brazil",http://www.odontorali.com.br/,+55 62 98552-8760,8 a.m.–6 p.m.,8 a.m.–12 p.m.,Closed,8 a.m.–6 p.m.,8 a.m.–6 p.m.,8 a.m.–6 p.m.,8 a.m.–6 p.m.,Open now,https://lh5.googleusercontent.com/p/AF1QipMiDdf5ZoDa40WxCmBoVTfzRMrpUcyG7FOvD3nr=w408-h544-k-no,true,"https://www.google.com/maps/search/dentistas+em+goiania/@-16.6706238,-49.4947203,11.5z?entry=ttu",2023-09-15T13:20:36.070Z,
https://www.google.com/maps/place/DenteFace+Odontologia/data=!4m7!3m6!1s0x935ef14f98d6c091:0xb196a52c2eca2f1c!8m2!3d-16.690193!4d-49.275129!16s%2Fg%2F11dx92y3f6!19sChIJkcDWmE_xXpMRHC_KLiyllrE,DenteFace Odontologia,5.0,20,Dental clinic,"Avenida T7, 371 Lourenço Office - Sala 915 - St. Oeste, Goiânia - GO, 74140-110, Brazil","8P5F+WW St. Oeste, Goiânia - State of Goiás, Brazil",http://dentefaceodontologia.com.br/,+55 62 99981-8606,"8 a.m.–12 p.m., 1:30–6 p.m.",Closed,Closed,"8 a.m.–12 p.m., 1:30–6 p.m.","8 a.m.–12 p.m., 1:30–6 p.m.","8 a.m.–12 p.m., 1:30–6 p.m.","8 a.m.–12 p.m., 1:30–6 p.m.",Open now,https://lh5.googleusercontent.com/p/AF1QipOzfdwaqcYAySdB_JQecjT5XeUZBtw_DBX5cbGl=w520-h240-k-no,true,"https://www.google.com/maps/search/dentistas+em+goiania/@-16.6706238,-49.4947203,11.5z?entry=ttu",2023-09-15T13:20:39.371Z,Identifies as women-owned
https://www.google.com/maps/place/Cl%C3%ADnica+Mais+Sa%C3%BAde+%28Odontologia%29/data=!4m7!3m6!1s0x935ef3d3691471ed:0x7bcbb38ba02f6a3a!8m2!3d-16.6627311!4d-49.2459454!16s%2Fg%2F11c1p2zl5v!19sChIJ7XEUadPzXpMROmovoIuzy3s,Clínica Mais Saúde (Odontologia),4.0,25,Dentist,"5ª Av., 890 - St. Leste Vila Nova, Goiânia - GO, 74645-020, Brazil","8QP3+WJ St. Leste Vila Nova, Goiânia - State of Goiás, Brazil",,+55 62 3988-5132,7:30 a.m.–7 p.m.,7:30 a.m.–1 p.m.,Closed,7:30 a.m.–7 p.m.,7:30 a.m.–7 p.m.,7:30 a.m.–7 p.m.,7:30 a.m.–7 p.m.,Open now,https://streetviewpixels-pa.googleapis.com/v1/thumbnail?panoid=d0jUD5fSBVVSvIXvFXsqww&cb_client=search.gws-prod.gps&w=408&h=240&yaw=81.16261&pitch=0&thumbfov=100,true,"https://www.google.com/maps/search/dentistas+em+goiania/@-16.6706238,-49.4947203,11.5z?entry=ttu",2023-09-15T13:20:43.239Z,
https://www.google.com/maps/place/Prociso+Odontologia/data=!4m7!3m6!1s0x935ef3dbbd9823df:0x2df4866b2ae57976!8m2!3d-16.6680179!4d-49.2574073!16s%2Fg%2F11cmph4q5k!19sChIJ3yOYvdvzXpMRdnnlKmuG9C0,Prociso Odontologia,5.0,2,Dentist,"R. 55, 297 - St. Central, Goiânia - GO, 74055-150, Brazil","8PJV+Q2 St. Central, Goiânia - State of Goiás, Brazil",,+55 62 99526-4774,"8 a.m.–12 p.m., 2–6 p.m.",Closed,Closed,"8 a.m.–12 p.m., 1:30–6 p.m.","8 a.m.–12 p.m., 1:30–6 p.m.","8 a.m.–12 p.m., 2–6 p.m.","8 a.m.–12 p.m., 2–6 p.m.",Open now,https://streetviewpixels-pa.googleapis.com/v1/thumbnail?panoid=w0dWSReXnjF23KDgbot_Zg&cb_client=search.gws-prod.gps&w=408&h=240&yaw=195.64531&pitch=0&thumbfov=100,false,"https://www.google.com/maps/search/dentistas+em+goiania/@-16.6706238,-49.4947203,11.5z?entry=ttu",2023-09-15T13:20:46.520Z,
https://www.google.com/maps/place/Am%C3%A9rica+Odontologia/data=!4m7!3m6!1s0x935ef6c96c231dbd:0xee8e73f53caf3f30!8m2!3d-16.704493!4d-49.2901987!16s%2Fg%2F11j3vjzzk0!19sChIJvR0jbMn2XpMRMD-vPPVzju4,América Odontologia,,,Dentist,"Av. C-104, 122 - Jardim América, Goiânia - GO, 74250-030, Brazil","7PW5+6W Jardim América, Goiânia - State of Goiás, Brazil",,,,,,,,,,,https://streetviewpixels-pa.googleapis.com/v1/thumbnail?panoid=sYi6YAXJ0XLNF_I1Dgedfw&cb_client=search.gws-prod.gps&w=408&h=240&yaw=262.29608&pitch=0&thumbfov=100,false,"https://www.google.com/maps/search/dentistas+em+goiania/@-16.6706238,-49.4947203,11.5z?entry=ttu",2023-09-15T13:20:49.500Z,
https://www.google.com/maps/place/Mohn+Odontologia/data=!4m7!3m6!1s0x935ef142bd5c3493:0x995d184ce6eb095f!8m2!3d-16.6868248!4d-49.2643013!16s%2Fg%2F11b6j7tm9c!19sChIJkzRcvULxXpMRXwnr5kwYXZk,Mohn Odontologia,5.0,1,Oral surgeon,"Av. República do Líbano, 2341 - St. Oeste, Goiânia - GO, 74115-030, Brazil","8P7P+77 St. Oeste, Goiânia - State of Goiás, Brazil",,+55 62 3251-7577,8 a.m.–6 p.m.,Closed,Closed,8 a.m.–6 p.m.,8 a.m.–6 p.m.,8 a.m.–6 p.m.,8 a.m.–6 p.m.,Open now,https://streetviewpixels-pa.googleapis.com/v1/thumbnail?panoid=3NWkAGWhSIC5SqeJnUcpMA&cb_client=search.gws-prod.gps&w=408&h=240&yaw=104.55715&pitch=0&thumbfov=100,false,"https://www.google.com/maps/search/dentistas+em+goiania/@-16.6706238,-49.4947203,11.5z?entry=ttu",2023-09-15T13:20:53.449Z,
https://www.google.com/maps/place/Avan%C3%A7o+Implantes+%26+Est%C3%A9tica+Dental/data=!4m7!3m6!1s0x935ef162b94b54ed:0xfedbf27db0c992c9!8m2!3d-16.6744508!4d-49.2547812!16s%2Fg%2F11f1lm5b4c!19sChIJ7VRLuWLxXpMRyZLJsH3y2_4,Avanço Implantes & Estética Dental,4.5,40,Dental clinic,"Avenida Araguaia, 490, LT 70, LJ 1, QD 51 - St. Central, Goiânia - GO, 74030-075, Brazil","8PGW+63 St. Central, Goiânia - State of Goiás, Brazil",https://avancoimplantes.com/_meta/,+55 62 3213-2909,8 a.m.–6 p.m.,9 a.m.–1 p.m.,Closed,8 a.m.–6 p.m.,8 a.m.–6 p.m.,8 a.m.–6 p.m.,8 a.m.–6 p.m.,Open now,https://lh5.googleusercontent.com/p/AF1QipM_HWwdJ4ZGq9CqMyEqBwju2lBYRVhcA7jk3Grt=w408-h544-k-no,true,"https://www.google.com/maps/search/dentistas+em+goiania/@-16.6706238,-49.4947203,11.5z?entry=ttu",2023-09-15T13:20:56.308Z,Identifies as women-owned
https://www.google.com/maps/place/Est%C3%A9tica+do+Sorriso/data=!4m7!3m6!1s0x935ef529dd261f77:0x39a6b67576a6ee6f!8m2!3d-16.6721076!4d-49.2898885!16s%2Fg%2F11fplz2v3c!19sChIJdx8m3Sn1XpMRb-6mdnW2pjk,Estética do Sorriso,4.5,29,Dentist,"R. Santa Luzia - Vila Abajá, Goiânia - GO, 74525-040, Brazil","8PH6+52 Goiânia, State of Goiás, Brazil",,+55 62 3645-5559,8 a.m.–6 p.m.,8 a.m.–1 p.m.,Closed,8 a.m.–6 p.m.,8 a.m.–6 p.m.,8 a.m.–6 p.m.,8 a.m.–6 p.m.,Open now,https://lh5.googleusercontent.com/p/AF1QipNbx2ydmFMICU9DMBisetgK7TFwgBRnOsFgwpmO=w408-h306-k-no,true,"https://www.google.com/maps/search/dentistas+em+goiania/@-16.6706238,-49.4947203,11.5z?entry=ttu",2023-09-15T13:20:59.408Z,
https://www.google.com/maps/place/Dentallis+Contemporary+Dentistry/data=!4m7!3m6!1s0x935ef16b63c827b3:0xc930501ec98f09f5!8m2!3d-16.6924241!4d-49.2589715!16s%2Fg%2F1q5gkwwkn!19sChIJsyfIY2vxXpMR9QmPyR5QMMk,Dentallis Contemporary Dentistry,4.6,10,Dentist,"R. 132, 137 - St. Sul, Goiânia - GO, 74093-210, Brazil","8P5R+2C St. Sul, Goiânia - State of Goiás, Brazil",,+55 62 3281-7477,8 a.m.–6 p.m.,8 a.m.–12 p.m.,Closed,8 a.m.–6 p.m.,8 a.m.–6 p.m.,8 a.m.–6 p.m.,8 a.m.–6 p.m.,Open now,https://lh5.googleusercontent.com/p/AF1QipMqEqGf7FLEUw_r_PVz53C_75-AIGPU_NW3sj3t=w408-h306-k-no,true,"https://www.google.com/maps/search/dentistas+em+goiania/@-16.6706238,-49.4947203,11.5z?entry=ttu",2023-09-15T13:21:02.377Z,
"https://www.google.com/maps/place/Sorridents+Novo+Horizonte:+Dentista,+Cl%C3%ADnica+Odontol%C3%B3gica,+Clareamento,+Goi%C3%A2nia/data=!4m7!3m6!1s0x935ef7f683e21a25:0x22a2cdbdfc24302b!8m2!3d-16.7182182!4d-49.3204541!16s%2Fg%2F11g1dt0b6r!19sChIJJRrig_b3XpMRKzAk_L3NoiI","Sorridents Novo Horizonte: Dentista, Clínica Odontológica, Clareamento, Goiânia",3.5,11,Dental clinic,"Av. César Lattes, 584 - Novo Horizonte, Goiânia - GO, 74363-400, Brazil","7MJH+PR Goiânia, State of Goiás, Brazil",https://sorridents.com.br/goiania-novo-horizonte/,+55 62 3575-7178,8 a.m.–8 p.m.,8 a.m.–6 p.m.,Closed,8 a.m.–8 p.m.,8 a.m.–8 p.m.,8 a.m.–8 p.m.,8 a.m.–8 p.m.,Open now,https://lh5.googleusercontent.com/p/AF1QipPGhcYvCyCN9BV_uwXEj79Ae-JgA12mr1K0jVUh=w408-h240-k-no-pi0.3722697-ya118.38384-ro-3.7252245-fo100,true,"https://www.google.com/maps/search/dentistas+em+goiania/@-16.6706238,-49.4947203,11.5z?entry=ttu",2023-09-15T13:21:05.747Z,
https://www.google.com/maps/place/Prof.+Dr.+Roberto+Soares+S.+J%C3%BAnior/data=!4m7!3m6!1s0x935ef7aa4a8a789d:0xa978ae6843cdc00b!8m2!3d-16.7011889!4d-49.3115776!16s%2Fg%2F11fn51hhf2!19sChIJnXiKSqr3XpMRC8DNQ2iueKk,Prof. Dr. Roberto Soares S. Júnior,,,Orthodontist,"Av. Belo Horizonte, 506 - Jardim Ana Lúcia, Goiânia - GO, 74315-040, Brazil","7MXQ+G9 Jardim Ana Lúcia, Goiânia - State of Goiás, Brazil",https://www.doctoralia.com.br/roberto-soares-da-silva-junior/dentista/goiania?utm_source=google&utm_medium=gmb&utm_campaign=343634&utm_content=website,+55 62 98608-8830,,,,,,,,,https://lh5.googleusercontent.com/p/AF1QipOwpAgagXVJiZhH8488TYjVHu19DNnz7BBRvGIQ=w408-h271-k-no,true,"https://www.google.com/maps/search/dentistas+em+goiania/@-16.6706238,-49.4947203,11.5z?entry=ttu",2023-09-15T13:21:08.394Z,
https://www.google.com/maps/place/Primordialle+Oral+Clinic/data=!4m7!3m6!1s0x935ef1236ac372a3:0xc5d36fbfb1b630ae!8m2!3d-16.7036321!4d-49.2660149!16s%2Fg%2F1tcy9zv1!19sChIJo3LDaiPxXpMRrjC2sb9v08U,Primordialle Oral Clinic,5.0,143,Dentist,"Avenida T 10 nr 208, sl 310 - St. Bueno, Goiânia - GO, 74223-060, Brazil","7PWM+GH St. Bueno, Goiânia - State of Goiás, Brazil",https://primordialleoralclinic.com.br/,+55 62 99611-0242,8 a.m.–6 p.m.,Closed,Closed,8 a.m.–6 p.m.,8 a.m.–6 p.m.,8 a.m.–6 p.m.,8 a.m.–6 p.m.,Open now,https://lh5.googleusercontent.com/p/AF1QipN97qFpdKlidGz8UOSFpJWDM2T_2Kh-Dsiyf9h6=w408-h272-k-no,true,"https://www.google.com/maps/search/dentistas+em+goiania/@-16.6706238,-49.4947203,11.5z?entry=ttu",2023-09-15T13:21:11.472Z,LGBTQ+ friendly
https://www.google.com/maps/place/Perfil+Face+Odontologia/data=!4m7!3m6!1s0x935ef165a9d5555d:0x3f97fe98a6e4975f!8m2!3d-16.6775935!4d-49.2554141!16s%2Fg%2F1tjjqg2n!19sChIJXVXVqWXxXpMRX5fkppj-lz8,Perfil Face Odontologia,3.8,31,Dental clinic,"Av. Araguaia, 168 - Centro, Goiânia - GO, 74030-075, Brazil","8PCV+XR Goiânia, State of Goiás, Brazil",http://www.perfilface.com.br/,+55 62 3235-5500,8:30 a.m.–6 p.m.,8:30 a.m.–12 p.m.,Closed,8:30 a.m.–6 p.m.,8:30 a.m.–6 p.m.,8:30 a.m.–6 p.m.,8:30 a.m.–6 p.m.,Open now,https://lh5.googleusercontent.com/p/AF1QipM26xSrsuqzf2SHMBafaPjt77Td2hQ4ITxuqsN3=w408-h272-k-no,true,"https://www.google.com/maps/search/dentistas+em+goiania/@-16.6706238,-49.4947203,11.5z?entry=ttu",2023-09-15T13:21:15.188Z,
https://www.google.com/maps/place/Odontologia/data=!4m7!3m6!1s0x935ef165bd293a2b:0xe6e0fb236ff3bb5!8m2!3d-16.6817455!4d-49.2580522!16s%2Fg%2F1ydkd2gsk!19sChIJKzopvWXxXpMRtTv_NrIPbg4,Odontologia,,,Dentist,"St. Sul, Goiânia - State of Goiás, 74015-095, Brazil","8P9R+8Q St. Sul, Goiânia - State of Goiás, Brazil",,,,,,,,,,,https://streetviewpixels-pa.googleapis.com/v1/thumbnail?panoid=5gDl9onDgkd-sJuiiw1EqA&cb_client=search.gws-prod.gps&w=408&h=240&yaw=276.34598&pitch=0&thumbfov=100,false,"https://www.google.com/maps/search/dentistas+em+goiania/@-16.6706238,-49.4947203,11.5z?entry=ttu",2023-09-15T13:21:18.513Z,
https://www.google.com/maps/place/Odontologia/data=!4m7!3m6!1s0x935ef13869362ebd:0x6806cf60c9202509!8m2!3d-16.6979749!4d-49.2723387!16s%2Fg%2F11fps7l6m2!19sChIJvS42aTjxXpMRCSUgyWDPBmg,Odontologia,1.0,1,Dentist,"R. T-51, 357 - St. Bueno, Goiânia - GO, 74215-210, Brazil","8P2H+R3 St. Bueno, Goiânia - State of Goiás, Brazil",,,,,,,,,,,https://streetviewpixels-pa.googleapis.com/v1/thumbnail?panoid=SIvIPGpfpSTTp-5Kn41obw&cb_client=search.gws-prod.gps&w=408&h=240&yaw=136.46538&pitch=0&thumbfov=100,false,"https://www.google.com/maps/search/dentistas+em+goiania/@-16.6706238,-49.4947203,11.5z?entry=ttu",2023-09-15T13:21:21.958Z,
https://www.google.com/maps/place/OdontoKids/data=!4m7!3m6!1s0x935ef171d8cdd6ad:0x9cfe5fe8362076bd!8m2!3d-16.6862464!4d-49.253638!16s%2Fg%2F11b5pkbx_1!19sChIJrdbN2HHxXpMRvXYgNuhf_pw,OdontoKids,4.5,29,Pediatric dentist,"R. 104, 404 - St. Sul, Goiânia - GO, 74083-300, Brazil","8P7W+GG St. Sul, Goiânia - State of Goiás, Brazil",http://odontokidsgyn.com.br/,+55 62 3281-1990,8 a.m.–6 p.m.,Closed,Closed,8 a.m.–6 p.m.,8 a.m.–6 p.m.,8 a.m.–6 p.m.,8 a.m.–6 p.m.,Open now,https://lh5.googleusercontent.com/p/AF1QipP4o1GCWn7pmis70xCBkSuhvKJU1vguOYAC_uny=w408-h544-k-no,true,"https://www.google.com/maps/search/dentistas+em+goiania/@-16.6706238,-49.4947203,11.5z?entry=ttu",2023-09-15T13:21:25.746Z,
https://www.google.com/maps/place/Total+Tooth+Dentistry/data=!4m7!3m6!1s0x935ef0b0c6f85b15:0xc7d9f4bdb3da0746!8m2!3d-16.7419376!4d-49.2754817!16s%2Fg%2F11cmcl79vp!19sChIJFVv4xrDwXpMRRgfas7302cc,Total Tooth Dentistry,5.0,29,Dental clinic,"Av.Rio Verde c/ Av.José Leandro da Cruz, Qd.96 Galeria Ipê Center, Sl.6 e 7 - Jardim Luz, Aparecida de Goiânia - GO, 74915-130, Brazil","7P5F+6R Jardim Luz, Aparecida de Goiânia - State of Goiás, Brazil",,+55 62 3280-8081,8 a.m.–6 p.m.,8 a.m.–12 p.m.,Closed,8 a.m.–6 p.m.,8 a.m.–6 p.m.,8 a.m.–6 p.m.,8 a.m.–6 p.m.,Open now,https://lh5.googleusercontent.com/p/AF1QipOwqFT1qXOIRh9hS4hAKZHKW_dsLWgmgBqED8Ui=w426-h240-k-no,true,"https://www.google.com/maps/search/dentistas+em+goiania/@-16.6706238,-49.4947203,11.5z?entry=ttu",2023-09-15T13:21:29.116Z,
https://www.google.com/maps/place/Odonto+Personnalit%C3%A9/data=!4m7!3m6!1s0x935ef121516b5589:0x5ee29fdfdcd7e019!8m2!3d-16.7107653!4d-49.2684249!16s%2Fg%2F1pv1ntztp!19sChIJiVVrUSHxXpMRGeDX3N-f4l4,Odonto Personnalité,5.0,5,Dentist,"R. T-61, 270 - St. Bueno, Goiânia - GO, 74223-170, Brazil","7PQJ+MJ St. Bueno, Goiânia - State of Goiás, Brazil",,+55 62 3945-3535,8 a.m.–6 p.m.,8 a.m.–6 p.m.,Closed,8 a.m.–6 p.m.,8 a.m.–6 p.m.,8 a.m.–6 p.m.,8 a.m.–6 p.m.,Open now,https://streetviewpixels-pa.googleapis.com/v1/thumbnail?panoid=eUQsMgt1u45OLbEm4fSlsA&cb_client=search.gws-prod.gps&w=408&h=240&yaw=13.554761&pitch=0&thumbfov=100,false,"https://www.google.com/maps/search/dentistas+em+goiania/@-16.6706238,-49.4947203,11.5z?entry=ttu",2023-09-15T13:21:32.565Z,
https://www.google.com/maps/place/COG+-+Centro+Odontol%C3%B3gico+Goiano/data=!4m7!3m6!1s0x935ef3999e9a376d:0x14dae39c5cfa63b2!8m2!3d-16.6705818!4d-49.2560501!16s%2Fg%2F11fm3msl5r!19sChIJbTeanpnzXpMRsmP6XJzj2hQ,COG - Centro Odontológico Goiano,2.6,8,Dentist,"Av. Paranaíba, 639 - St. Central, Goiânia - GO, 74015-125, Brazil","8PHV+QH St. Central, Goiânia - State of Goiás, Brazil",,,8 a.m.–6 p.m.,Closed,Closed,8 a.m.–6 p.m.,8 a.m.–6 p.m.,8 a.m.–6 p.m.,8 a.m.–6 p.m.,Open now,https://lh5.googleusercontent.com/p/AF1QipMdHOcEXPr-6PJb-yHbQAcU9_guwTXGELRiVJ1U=w408-h242-k-no,true,"https://www.google.com/maps/search/dentistas+em+goiania/@-16.6706238,-49.4947203,11.5z?entry=ttu",2023-09-15T13:21:36.576Z,
https://www.google.com/maps/place/Clinface+Odontologia/data=!4m7!3m6!1s0x935ef13f07ffffff:0x5f3ae4c795925b75!8m2!3d-16.6941752!4d-49.2687531!16s%2Fg%2F1tgm3yq7!19sChIJ____Bz_xXpMRdVuSlcfkOl8,Clinface Odontologia,3.6,11,Dentist,"R. 15, 858 - St. Marista, Goiânia - GO, 74150-150, Brazil","8P4J+8F St. Marista, Goiânia - State of Goiás, Brazil",,+55 62 3245-1295,8 a.m.–6 p.m.,Closed,Closed,8 a.m.–6 p.m.,8 a.m.–6 p.m.,8 a.m.–6 p.m.,8 a.m.–6 p.m.,Open now,https://lh5.googleusercontent.com/p/AF1QipNdchq-L9X3CyIq692e5iwwgKPDJcuTM3Dv-Txy=w426-h240-k-no,true,"https://www.google.com/maps/search/dentistas+em+goiania/@-16.6706238,-49.4947203,11.5z?entry=ttu",2023-09-15T13:21:40.948Z,
https://www.google.com/maps/place/Vitae+Odontologia/data=!4m7!3m6!1s0x935ef3c03b85ca77:0x50e99ae51673ee83!8m2!3d-16.7018093!4d-49.2656144!16s%2Fg%2F1pxwfq9wf!19sChIJd8qFO8DzXpMRg-5zFuWa6VA,Vitae Odontologia,4.6,27,Dentist,"Esq. Rua 15 - N˚, R. T-55, 199 - St. Marista, Goiânia - GO, 74150-320, Brazil","7PXM+7Q St. Marista, Goiânia - State of Goiás, Brazil",https://www.vitaeodontologia.com.br/,+55 62 4009-2200,8 a.m.–6 p.m.,Closed,Closed,8 a.m.–6 p.m.,8 a.m.–6 p.m.,8 a.m.–6 p.m.,8 a.m.–6 p.m.,Open now,https://lh5.googleusercontent.com/p/AF1QipNrF0ib8flkqG_eAj1hk7aqNcXd16nZg5kTeZyP=w408-h272-k-no,true,"https://www.google.com/maps/search/dentistas+em+goiania/@-16.6706238,-49.4947203,11.5z?entry=ttu",2023-09-15T13:21:45.010Z,LGBTQ+ friendly
https://www.google.com/maps/place/Meu+Sorriso+Dentista/data=!4m7!3m6!1s0x935ef55f6c872053:0x9775fc82aee9dfb4!8m2!3d-16.6879248!4d-49.315161!16s%2Fg%2F11gmwj9g3b!19sChIJUyCHbF_1XpMRtN_proL8dZc,Meu Sorriso Dentista,4.1,74,Dentist,"Av. Aderup - Cidade Jardim, Goiânia - GO, 74423-050, Brazil","8M6M+RW Cidade Jardim, Goiânia - State of Goiás, Brazil",https://meu-sorriso-dentista.negocio.site/,+55 62 3558-5603,8 a.m.–7 p.m.,8 a.m.–2 p.m.,Closed,8 a.m.–7 p.m.,8 a.m.–7 p.m.,8 a.m.–7 p.m.,8 a.m.–7 p.m.,Open now,https://streetviewpixels-pa.googleapis.com/v1/thumbnail?panoid=fy-BT8reL_OT--jNivazQg&cb_client=search.gws-prod.gps&w=408&h=240&yaw=289.0018&pitch=0&thumbfov=100,true,"https://www.google.com/maps/search/dentistas+em+goiania/@-16.6706238,-49.4947203,11.5z?entry=ttu",2023-09-15T13:21:48.425Z,
https://www.google.com/maps/place/Centro+Especializado+de+Odontologia/data=!4m7!3m6!1s0x935ef14409d55541:0x7fe49ca4bc20d06c!8m2!3d-16.6910897!4d-49.2723546!16s%2Fg%2F1tgfxq74!19sChIJQVXVCUTxXpMRbNAgvKSc5H8,Centro Especializado de Odontologia,,,Dentist,"R. 22, 859 - St. Oeste, Goiânia - GO, 74120-130, Brazil","8P5H+H3 St. Oeste, Goiânia - State of Goiás, Brazil",,+55 62 3251-5922,,,,,,,,,https://streetviewpixels-pa.googleapis.com/v1/thumbnail?panoid=yoiT4FXrbELvZgzuANvQHg&cb_client=search.gws-prod.gps&w=408&h=240&yaw=139.04504&pitch=0&thumbfov=100,false,"https://www.google.com/maps/search/dentistas+em+goiania/@-16.6706238,-49.4947203,11.5z?entry=ttu",2023-09-15T13:21:51.408Z,
https://www.google.com/maps/place/Dentista/data=!4m7!3m6!1s0x935ef502d1b69621:0xb959ecce85adc9e!8m2!3d-16.64321!4d-49.3266878!16s%2Fg%2F11h_820dv6!19sChIJIZa20QL1XpMRntxa6MyelQs,Dentista,,,Dentist,"Av. Central, 1141 - Jardim Nova Esperanca, Goiânia - GO, 74465-100, Brazil","9M4F+P8 Jardim Nova Esperanca, Goiânia - State of Goiás, Brazil",,,8 a.m.–5 p.m.,8 a.m.–12 p.m.,Closed,8 a.m.–5 p.m.,8 a.m.–5 p.m.,8 a.m.–5 p.m.,8 a.m.–5 p.m.,Open now,https://streetviewpixels-pa.googleapis.com/v1/thumbnail?panoid=iR5Y5FitAzXsGuZ6gLj-HA&cb_client=search.gws-prod.gps&w=408&h=240&yaw=229.51164&pitch=0&thumbfov=100,false,"https://www.google.com/maps/search/dentistas+em+goiania/@-16.6706238,-49.4947203,11.5z?entry=ttu",2023-09-15T13:21:54.990Z,
https://www.google.com/maps/place/Cl%C3%ADnica+D%C3%B3ro/data=!4m7!3m6!1s0x935ef406694ba3e5:0xf70ea5ffc23ce386!8m2!3d-16.6969122!4d-49.2696874!16s%2Fg%2F113gccfbx!19sChIJ5aNLaQb0XpMRhuM8wv-lDvc,Clínica Dóro,4.9,14,Dental clinic,"Edifício Órion Business & Health Complex - Av. Portugal, 1148 - Sala C3313 - St. Marista, Goiânia - GO, 74150-030, Brazil","8P3J+64 St. Marista, Goiânia - State of Goiás, Brazil",http://www.clinicadoro.com.br/,+55 62 99138-5416,9 a.m.–5 p.m.,Closed,Closed,9 a.m.–5 p.m.,9 a.m.–5 p.m.,9 a.m.–5 p.m.,9 a.m.–5 p.m.,Open now,https://streetviewpixels-pa.googleapis.com/v1/thumbnail?panoid=RHp3VhnH1uevlOPPbvoCVQ&cb_client=search.gws-prod.gps&w=408&h=240&yaw=280.7521&pitch=0&thumbfov=100,true,"https://www.google.com/maps/search/dentistas+em+goiania/@-16.6706238,-49.4947203,11.5z?entry=ttu",2023-09-15T13:21:58.809Z,
"https://www.google.com/maps/place/Dr.+Saulo+de+Tarso+Boaventura+Borges,+Dentista/data=!4m7!3m6!1s0x935ef1f8b60e87c5:0x6f066135df73e302!8m2!3d-16.7006016!4d-49.2568474!16s%2Fg%2F11h_6y04v7!19sChIJxYcOtvjxXpMRAuNz3zVhBm8","Dr. Saulo de Tarso Boaventura Borges, Dentista",,,Dentist,"Alameda Ed. Prospere Office Harmony, Al. Ricardo Paranhos, 799 QD 243 A LT 1/2/3/4 sala 110, Goiânia - GO, 74180-050, Brazil","7PXV+Q7 Goiânia, State of Goiás, Brazil",https://www.doctoralia.com.br/saulo-de-tarso-boaventura-borges-2/dentista-cirurgiao-buco-maxilo-facial/goiania?utm_source=google&utm_medium=gmb&utm_campaign=548954&utm_content=website,,,,,,,,,,https://lh5.googleusercontent.com/p/AF1QipOKERbqdq0fm4lXbr_WJMKCS51w0mCa2LH2i-NJ=w408-h269-k-no,true,"https://www.google.com/maps/search/dentistas+em+goiania/@-16.6706238,-49.4947203,11.5z?entry=ttu",2023-09-15T13:22:01.747Z,
https://www.google.com/maps/place/Catunda+Odontologia/data=!4m7!3m6!1s0x935ef69307c4699b:0x3afb6bd0332d46ea!8m2!3d-16.7040315!4d-49.311516!16s%2Fg%2F11g__j0k8!19sChIJm2nEB5P2XpMR6kYtM9Br-zo,Catunda Odontologia,4.5,71,Dental clinic,"Av. Itália, 908 - Jardim Europa, Goiânia - GO, 74325-110, Brazil","7MWQ+99 Jardim Europa, Goiânia - State of Goiás, Brazil",http://www.catundaodontologia.com.br/,+55 62 3247-0808,,,,,,,,,https://lh5.googleusercontent.com/p/AF1QipOQLnEn5sqEBQEz_n_Fme_kEMwyuwFA1APAm6K_=w408-h273-k-no,true,"https://www.google.com/maps/search/dentistas+em+goiania/@-16.6706238,-49.4947203,11.5z?entry=ttu",2023-09-15T13:22:04.896Z,LGBTQ+ friendly
https://www.google.com/maps/place/Odontologia/data=!4m7!3m6!1s0x935ef6b5c5b1d56d:0x7263eacdde791815!8m2!3d-16.6992249!4d-49.2884196!16s%2Fg%2F11h5km4916!19sChIJbdWxxbX2XpMRFRh53s3qY3I,Odontologia,,,Dentist,"Av. C-5, 341 - Jardim América, Goiânia - GO, 74265-050, Brazil","8P26+8J Jardim América, Goiânia - State of Goiás, Brazil",,,,,,,,,,,https://streetviewpixels-pa.googleapis.com/v1/thumbnail?panoid=VoSO1E11Q_vOUJV8kLq96A&cb_client=search.gws-prod.gps&w=408&h=240&yaw=177.30852&pitch=0&thumbfov=100,false,"https://www.google.com/maps/search/dentistas+em+goiania/@-16.6706238,-49.4947203,11.5z?entry=ttu",2023-09-15T13:22:07.599Z,
https://www.google.com/maps/place/Dentista+Dr.+Evelyn/data=!4m7!3m6!1s0x935ef609af3593e5:0xfe1285168924a3d5!8m2!3d-16.6988337!4d-49.3521339!16s%2Fg%2F11g8_3k96r!19sChIJ5ZM1rwn2XpMR1aMkiRaFEv4,Dentista Dr. Evelyn,3.0,2,Dentist,"R. PH 6, 62-198 - Solange Park II, Goiânia - GO, 74484-304, Brazil","8J2X+F4 Solange Park II, Goiânia - State of Goiás, Brazil",,+55 62 3573-3353,9 a.m.–5 p.m.,Closed,Closed,9 a.m.–5 p.m.,9 a.m.–5 p.m.,9 a.m.–5 p.m.,9 a.m.–5 p.m.,Open now,https://lh5.googleusercontent.com/p/AF1QipMubpnW5lIPtrKCtIAuXpdFFyH0eNkaZNoUYnze=w408-h262-k-no,true,"https://www.google.com/maps/search/dentistas+em+goiania/@-16.6706238,-49.4947203,11.5z?entry=ttu",2023-09-15T13:22:10.285Z,
https://www.google.com/maps/place/Odontologia/data=!4m7!3m6!1s0x935ef6c36f11584b:0xc286ff3faac08f48!8m2!3d-16.7116184!4d-49.3000875!16s%2Fg%2F11fps6jy99!19sChIJS1gRb8P2XpMRSI_Aqj__hsI,Odontologia,5.0,1,Dentist,"Av. Marconi, 37 - Jardim Planalto, Goiânia - GO, 74333-160, Brazil","7MQX+9X Jardim Planalto, Goiânia - State of Goiás, Brazil",,+55 62 3095-3062,,,,,,,,,https://streetviewpixels-pa.googleapis.com/v1/thumbnail?panoid=Al1wAd9yZDghUEYLMdjREg&cb_client=search.gws-prod.gps&w=408&h=240&yaw=153.99048&pitch=0&thumbfov=100,false,"https://www.google.com/maps/search/dentistas+em+goiania/@-16.6706238,-49.4947203,11.5z?entry=ttu",2023-09-15T13:22:13.180Z,
https://www.google.com/maps/place/Interface+Odontologia/data=!4m7!3m6!1s0x935ef1bfebce2aaf:0x4c1a7717d3143086!8m2!3d-16.6902223!4d-49.2672593!16s%2Fg%2F11cn95lg1v!19sChIJryrO67_xXpMRhjAU0xd3Gkw,Interface Odontologia,4.6,32,Orthodontist,"R. 22, 310 - St. Oeste, Goiânia - GO, 74120-130, Brazil","8P5M+W3 St. Oeste, Goiânia - State of Goiás, Brazil",http://www.interfaceodonto.com.br/,+55 62 3215-3645,8 a.m.–6 p.m.,Closed,Closed,8 a.m.–6 p.m.,8 a.m.–6 p.m.,8 a.m.–6 p.m.,8 a.m.–6 p.m.,Open now,https://lh5.googleusercontent.com/p/AF1QipN06h26GXExKhlQbA7xwkvfsYX6jvFKdPmNp5M-=w426-h240-k-no,true,"https://www.google.com/maps/search/dentistas+em+goiania/@-16.6706238,-49.4947203,11.5z?entry=ttu",2023-09-15T13:22:16.318Z,
https://www.google.com/maps/place/Corddial+Odontologia/data=!4m7!3m6!1s0x935ef3db16aa4e23:0x4d4c9f879212b468!8m2!3d-16.6657636!4d-49.2567805!16s%2Fg%2F11c7s_zj_j!19sChIJI06qFtvzXpMRaLQSkoefTE0,Corddial Odontologia,5.0,14,Dental clinic,"R. 77, 100 - St. Central, Goiânia - GO, 74055-090, Brazil","8PMV+M7 St. Central, Goiânia - State of Goiás, Brazil",https://corddial-odontologia.negocio.site/?utm_source=gmb&utm_medium=referral,+55 62 3211-6222,8 a.m.–6 p.m.,Closed,Closed,8 a.m.–6 p.m.,8 a.m.–6 p.m.,8 a.m.–6 p.m.,8 a.m.–6 p.m.,Open now,https://lh5.googleusercontent.com/p/AF1QipMPmzr7ifa0twQg9dRKaAxMdObCgrbILaqEpMBH=w408-h240-k-no-pi-0-ya302.12-ro-0-fo100,true,"https://www.google.com/maps/search/dentistas+em+goiania/@-16.6706238,-49.4947203,11.5z?entry=ttu",2023-09-15T13:22:19.848Z,
https://www.google.com/maps/place/Consult%C3%B3rio+odontol%C3%B3gico+Dra+Alessandra+Marino+Neto/data=!4m7!3m6!1s0x935ef1f776506751:0x3cf68ae2a30ce4f!8m2!3d-16.6756918!4d-49.2575698!16s%2Fg%2F11hdpyvgrb!19sChIJUWdQdvfxXpMRT84wKq5ozwM,Consultório odontológico Dra Alessandra Marino Neto,,,Dentist,"Av. Goiás, 504 - sala2 - St. Central, Goiânia - GO, 75370-000, Brazil","8PFR+PX Goiânia, State of Goiás, Brazil",,+55 62 3593-6725,,,,,,,,,https://streetviewpixels-pa.googleapis.com/v1/thumbnail?panoid=2vbiWUlP5-4nb7pSgOvxAg&cb_client=search.gws-prod.gps&w=408&h=240&yaw=97.92543&pitch=0&thumbfov=100,false,"https://www.google.com/maps/search/dentistas+em+goiania/@-16.6706238,-49.4947203,11.5z?entry=ttu",2023-09-15T13:22:22.743Z,
https://www.google.com/maps/place/Cl%C3%ADnica+CENII+Centro+Integrado+de+Implantodontia/data=!4m7!3m6!1s0x935ef72b5efd98f7:0x9577a59289d72869!8m2!3d-16.7309647!4d-49.27481!16s%2Fg%2F11b6hq4kyc!19sChIJ95j9Xiv3XpMRaSjXiZKld5U,Clínica CENII Centro Integrado de Implantodontia,4.8,58,Dentist,"Av. Sen. José Rodrigues de Morais Neto, 171 - Parque Amazonia, Goiânia - GO, 74835-620, Brazil","7P9G+J3 Parque Amazonia, Goiânia - State of Goiás, Brazil",http://www.cenii.com.br/,+55 62 3954-9944,8 a.m.–6 p.m.,Closed,Closed,8 a.m.–6 p.m.,8 a.m.–6 p.m.,8 a.m.–6 p.m.,8 a.m.–6 p.m.,Open now,https://lh5.googleusercontent.com/p/AF1QipP3FlZ-wZHetGO36lmJc2LpOGsDxmuJnhkG8cbY=w408-h240-k-no-pi-10-ya340-ro-0-fo100,true,"https://www.google.com/maps/search/dentistas+em+goiania/@-16.6706238,-49.4947203,11.5z?entry=ttu",2023-09-15T13:22:25.534Z,
https://www.google.com/maps/place/Odontologia+Welder+Humberto+e+Vanessa+Em%C3%ADlia/data=!4m7!3m6!1s0x935ef541d71e1a6d:0x92cec86b3021bddb!8m2!3d-16.6798362!4d-49.3155555!16s%2Fg%2F11h3c56fq6!19sChIJbRoe10H1XpMR270hMGvIzpI,Odontologia Welder Humberto e Vanessa Emília,5.0,3,Dentist,"R. Câmara Filho - Conj. Guadalajara, Goiânia - GO, 74423-390, Brazil","8MCM+3Q Conj. Guadalajara, Goiânia - State of Goiás, Brazil",,+55 62 3271-1324,,,,,,,,,https://streetviewpixels-pa.googleapis.com/v1/thumbnail?panoid=Sc-jWUXumXDSocXIClwhTA&cb_client=search.gws-prod.gps&w=408&h=240&yaw=286.5251&pitch=0&thumbfov=100,false,"https://www.google.com/maps/search/dentistas+em+goiania/@-16.6706238,-49.4947203,11.5z?entry=ttu",2023-09-15T13:22:28.754Z,
https://www.google.com/maps/place/Dra.+Denise+Franco+-+Goi%C3%A2nia/data=!4m7!3m6!1s0x935ef16509e152b5:0x5aaa41cb0803a5bd!8m2!3d-16.7107973!4d-49.2511954!16s%2Fg%2F11p5ql3xkb!19sChIJtVLhCWXxXpMRvaUDCMtBqlo,Dra. Denise Franco - Goiânia,5.0,2,Dentist,"Alameda Leopoldo de Bulhões, quadra 22 - lt 22 - St. Pedro Ludovico, Goiânia - GO, 74820-060, Brazil","7PQX+MG St. Pedro Ludovico, Goiânia - State of Goiás, Brazil",https://oralexcellence.com.br/dradenise/,+55 62 99234-0214,8 a.m.–7 p.m.,8 a.m.–1 p.m.,Closed,8 a.m.–7 p.m.,8 a.m.–7 p.m.,8 a.m.–7 p.m.,8 a.m.–7 p.m.,Open now,https://lh5.googleusercontent.com/p/AF1QipOo-S8NDk0BvzFqnPHe0wPe0laJezfxJEDN4Atv=w408-h408-k-no,true,"https://www.google.com/maps/search/dentistas+em+goiania/@-16.6706238,-49.4947203,11.5z?entry=ttu",2023-09-15T13:22:31.771Z,Identifies as women-owned
https://www.google.com/maps/place/Integratta/data=!4m7!3m6!1s0x935ef169ca4768e9:0x2a20043afb80c8e8!8m2!3d-16.6877153!4d-49.2626746!16s%2Fg%2F1q2w4hx21!19sChIJ6WhHymnxXpMR6MiA-zoEICo,Integratta,4.6,10,Dentist,"R. 3, 1069 - St. Oeste, Goiânia - GO, 74115-050, Brazil","8P6P+WW St. Oeste, Goiânia - State of Goiás, Brazil",http://clinicaintegratta.blogspot.com.br/,+55 62 3215-4060,8 a.m.–6 p.m.,Closed,Closed,8 a.m.–6 p.m.,8 a.m.–6 p.m.,8 a.m.–6 p.m.,8 a.m.–6 p.m.,Open now,https://lh5.googleusercontent.com/p/AF1QipOmsbRlz0asqotdtk-DUqEz4vIo9cYKRl6OAAA5=w408-h544-k-no,true,"https://www.google.com/maps/search/dentistas+em+goiania/@-16.6706238,-49.4947203,11.5z?entry=ttu",2023-09-15T13:22:34.868Z,
https://www.google.com/maps/place/Dra.+Luciana+Fonseca+Pereira+-+Dentista+em+Goi%C3%A2nia/data=!4m7!3m6!1s0x935ef5a3fc2be989:0xff227ed869e90927!8m2!3d-16.6907064!4d-49.2713534!16s%2Fg%2F11sstw0912!19sChIJiekr_KP1XpMRJwnpadh-Iv8,Dra. Luciana Fonseca Pereira - Dentista em Goiânia,,,Dentist,"R. 22, 744 - St. Oeste, Goiânia - GO, 74120-130, Brazil","8P5H+PF St. Oeste, Goiânia - State of Goiás, Brazil",https://linkr.bio/Agendamento_Luciana_Fonseca,+55 62 98136-0304,8 a.m.–6 p.m.,Closed,Closed,8 a.m.–6 p.m.,8 a.m.–6 p.m.,8 a.m.–6 p.m.,8 a.m.–6 p.m.,Open now,https://lh5.googleusercontent.com/p/AF1QipNHC7YbC-_jJIQ8unLAZNnrSxWdonmL_esLyW-c=w408-h611-k-no,true,"https://www.google.com/maps/search/dentistas+em+goiania/@-16.6706238,-49.4947203,11.5z?entry=ttu",2023-09-15T13:22:37.860Z,LGBTQ+ friendly
https://www.google.com/maps/place/Adore+Odontologia/data=!4m7!3m6!1s0x935ef1b8b7d2a717:0xf17a8df42c3894a0!8m2!3d-16.718925!4d-49.2765717!16s%2Fg%2F11bzwnhg8y!19sChIJF6fSt7jxXpMRoJQ4LPSNevE,Adore Odontologia,4.6,11,Dental clinic,"Avenida C-171, 347 qd 452, lt 02, sala 1 - Jardim América, Goiânia - GO, 74275-010, Brazil","7PJF+C9 Jardim América, Goiânia - State of Goiás, Brazil",,+55 62 98408-2977,8:30 a.m.–6 p.m.,Closed,Closed,8:30 a.m.–6 p.m.,8:30 a.m.–6 p.m.,8:30 a.m.–6 p.m.,8:30 a.m.–6 p.m.,Open now,https://lh5.googleusercontent.com/p/AF1QipODHJ0fdfa9muPja44k6y-hsXwImTz5cB9drBLc=w408-h316-k-no,true,"https://www.google.com/maps/search/dentistas+em+goiania/@-16.6706238,-49.4947203,11.5z?entry=ttu",2023-09-15T13:22:41.916Z,
https://www.google.com/maps/place/Sorriso+Personalit%C3%A9/data=!4m7!3m6!1s0x935ef116b868a37b:0xa6c973b92a5235fa!8m2!3d-16.699069!4d-49.2578598!16s%2Fg%2F11f4mcgpyq!19sChIJe6NouBbxXpMR-jVSKrlzyaY,Sorriso Personalité,5.0,1,Dentist,"Rua 1136 esquina com a Rua 1137, Qd. 240, Lt. 17/18 Ed. Personalité Business, sala 209 - St. Marista, Goiânia - GO, 74180-150, Brazil","8P2R+9V St. Marista, Goiânia - State of Goiás, Brazil",,+55 62 98212-4432,8 a.m.–6 p.m.,Closed,Closed,8 a.m.–6 p.m.,8 a.m.–6 p.m.,8 a.m.–6 p.m.,8 a.m.–6 p.m.,Open now,https://lh5.googleusercontent.com/p/AF1QipP1aVv4ofWVXoNHAOpi4nDLyN83eyseGaSeiCLr=w408-h246-k-no,true,"https://www.google.com/maps/search/dentistas+em+goiania/@-16.6706238,-49.4947203,11.5z?entry=ttu",2023-09-15T13:22:44.892Z,
https://www.google.com/maps/place/Dr+Leo+Guimar%C3%A3es+Barcellos/data=!4m7!3m6!1s0x935ef163c7d65595:0x2eac4c7eae18a7ca!8m2!3d-16.6773002!4d-49.2577761!16s%2Fg%2F11c5s9wh23!19sChIJlVXWx2PxXpMRyqcYrn5MrC4,Dr Leo Guimarães Barcellos,5.0,46,Dentist,"ED CARLOS CHAGAS - R. 2, 230 - St. Central, Goiânia - GO, 74013-020, Brazil","8PFR+3V St. Central, Goiânia - State of Goiás, Brazil",,+55 62 3095-2455,8 a.m.–6 p.m.,Closed,Closed,8 a.m.–6 p.m.,8 a.m.–6 p.m.,8 a.m.–6 p.m.,8 a.m.–6 p.m.,Open now,https://lh5.googleusercontent.com/p/AF1QipPlCHhLLny70RCk5dsDeenZOvmn9LEXBSJkHzNl=w408-h408-k-no,true,"https://www.google.com/maps/search/dentistas+em+goiania/@-16.6706238,-49.4947203,11.5z?entry=ttu",2023-09-15T13:22:47.991Z,
https://www.google.com/maps/place/Safira+Odontologia+%7C+Clareamento+Dental+%7C+Dra.+Yara+Tavares+-+Dentista+em+Goi%C3%A2nia/data=!4m7!3m6!1s0x935ef19ccad65b29:0x8036af7b73dbcc41!8m2!3d-16.6900322!4d-49.2752849!16s%2Fg%2F11tg36nq73!19sChIJKVvWypzxXpMRQczbc3uvNoA,Safira Odontologia | Clareamento Dental | Dra. Yara Tavares - Dentista em Goiânia,5.0,55,Dentist,"Edifício Lourenço Office - Av. T-7 Qd. R34 Lt. 1/7, sala 1612 - St. Oeste, Goiânia - GO, 74140-150, Brazil","8P5F+XV St. Oeste, Goiânia - State of Goiás, Brazil",,+55 62 98565-9001,8 a.m.–6 p.m.,8 a.m.–12 p.m.,Closed,8 a.m.–6 p.m.,8 a.m.–6 p.m.,8 a.m.–6 p.m.,8 a.m.–6 p.m.,Open now,https://lh5.googleusercontent.com/p/AF1QipN64FsXwfo-T8BNUZL1ofoksC9Nk-6PSJu2hbRp=w408-h561-k-no,true,"https://www.google.com/maps/search/dentistas+em+goiania/@-16.6706238,-49.4947203,11.5z?entry=ttu",2023-09-15T13:22:51.362Z,
https://www.google.com/maps/place/Cl%C3%ADnica+Oral+Unic/data=!4m7!3m6!1s0x935ef1653d0633bf:0x945dd64db41290f6!8m2!3d-16.6834582!4d-49.265412!16s%2Fg%2F11h_wyvfvw!19sChIJvzMGPWXxXpMR9pAStE3WXZQ,Clínica Oral Unic,4.9,187,Dental clinic,"Av. República do Líbano, 2037 - St. Oeste, Goiânia - GO, 74125-125, Brazil","8P8M+JR St. Oeste, Goiânia - State of Goiás, Brazil",https://oralunicgoiania.com.br/,+55 62 3121-3200,8 a.m.–7 p.m.,8 a.m.–12 p.m.,Closed,8 a.m.–7 p.m.,8 a.m.–7 p.m.,8 a.m.–7 p.m.,8 a.m.–7 p.m.,Open now,https://lh5.googleusercontent.com/p/AF1QipMtj2xHeJX-MvsOn7LgYnaFtbjxsRH9EJUDkpdr=w408-h272-k-no,true,"https://www.google.com/maps/search/dentistas+em+goiania/@-16.6706238,-49.4947203,11.5z?entry=ttu",2023-09-15T13:22:55.864Z,
"https://www.google.com/maps/place/Dr.+Carlos+Roberto+da+Silva+Junior,+Dentista/data=!4m7!3m6!1s0x935ef1115d7822e1:0xb10b7b8be9a59517!8m2!3d-16.6735916!4d-49.2465476!16s%2Fg%2F11rgckg49j!19sChIJ4SJ4XRHxXpMRF5Wl6Yt7C7E","Dr. Carlos Roberto da Silva Junior, Dentista",5.0,1,Dentist,"R. 229, 25 - Setor Leste Universitário, Goiânia - GO, 74605-090, Brazil","8QG3+H9 Setor Leste Universitário, Goiânia - State of Goiás, Brazil",https://www.doctoralia.com.br/carlos-roberto-da-silva-junior/dentista/goiania?utm_source=google&utm_medium=gmb&utm_campaign=738875&utm_content=website,,,,,,,,,,https://lh5.googleusercontent.com/p/AF1QipN5Cxjm5PEo3BDpswO8Gnvd87Pab7R8tHBmIPVT=w408-h408-k-no,true,"https://www.google.com/maps/search/dentistas+em+goiania/@-16.6706238,-49.4947203,11.5z?entry=ttu",2023-09-15T13:22:58.990Z,
"https://www.google.com/maps/place/Ortoest%C3%A9tica+Setor+Oeste:+Dentista,+Facetas,+Botox,+Invisalign,+Clareamento,+Goi%C3%A2nia+GO/data=!4m7!3m6!1s0x935ef1854812f3a3:0xea320ee381e11e30!8m2!3d-16.6899683!4d-49.2718637!16s%2Fg%2F11s2n9fvht!19sChIJo_MSSIXxXpMRMB7hgeMOMuo","Ortoestética Setor Oeste: Dentista, Facetas, Botox, Invisalign, Clareamento, Goiânia GO",5.0,7,Dentist,"R. João de Abreu, 787 - Quadra L16 Lote 04 Sala 01 - St. Oeste, Goiânia - GO, 74120-110, Brazil","8P6H+27 St. Oeste, Goiânia - State of Goiás, Brazil",http://www.redeortoestetica.com.br/,+55 62 3100-2629,8 a.m.–6 p.m.,8 a.m.–12 p.m.,Closed,8 a.m.–6 p.m.,8 a.m.–6 p.m.,8 a.m.–6 p.m.,8 a.m.–6 p.m.,Open now,https://lh5.googleusercontent.com/p/AF1QipOdPsjwwk8ivTiUw4UXlNsw8AQHGcil0eXJSAU2=w408-h725-k-no,true,"https://www.google.com/maps/search/dentistas+em+goiania/@-16.6706238,-49.4947203,11.5z?entry=ttu",2023-09-15T13:23:03.286Z,
https://www.google.com/maps/place/Balne%C3%A1rio+Odontologia+Integrada/data=!4m7!3m6!1s0x935ef5433e632d83:0xe59295d10e3d70b5!8m2!3d-16.6174091!4d-49.2929833!16s%2Fg%2F11jjkwjfvx!19sChIJgy1jPkP1XpMRtXA9DtGVkuU,Balneário Odontologia Integrada,5.0,28,Dentist,"Av. Genésio de Lima Brito, 1067 - Jardim Balneario Meia Ponte, Goiânia - GO, 74590-800, Brazil","9PM4+2R Jardim Balneario Meia Ponte, Goiânia - State of Goiás, Brazil",http://www.balnearioodontologia.com/,+55 62 3223-1833,8 a.m.–6 p.m.,8 a.m.–12 p.m.,Closed,8 a.m.–6 p.m.,8 a.m.–6 p.m.,8 a.m.–6 p.m.,8 a.m.–6 p.m.,Open now,https://lh5.googleusercontent.com/p/AF1QipNLE5O3FM64Qcn8ehF7IphZvowxn9soXIEARpN_=w440-h240-k-no,true,"https://www.google.com/maps/search/dentistas+em+goiania/@-16.6706238,-49.4947203,11.5z?entry=ttu",2023-09-15T13:23:06.684Z,Identifies as women-owned
https://www.google.com/maps/place/Dra.+Jessica+Reis+Odontologia+-+Unidade+Campinas/data=!4m7!3m6!1s0x935ef1f07016de13:0xb411285f8c2b2f28!8m2!3d-16.6694421!4d-49.2918701!16s%2Fg%2F11g07_910b!19sChIJE94WcPDxXpMRKC8rjF8oEbQ,Dra. Jessica Reis Odontologia - Unidade Campinas,4.9,31,Dentist,"Av. Alberto Miguel, 244 - St. Campinas, Goiânia - GO, 74510-010, Brazil","8PJ5+67 St. Campinas, Goiânia - State of Goiás, Brazil",https://dra-jessica-reis-odontologia.negocio.site/,+55 62 98102-4530,8:30 a.m.–6 p.m.,8:30 a.m.–1 p.m.,Closed,8:30 a.m.–6 p.m.,8:30 a.m.–6 p.m.,8:30 a.m.–6 p.m.,8:30 a.m.–6 p.m.,Open now,https://streetviewpixels-pa.googleapis.com/v1/thumbnail?panoid=HJQu0gBK4FjZC1ACjO4inQ&cb_client=search.gws-prod.gps&w=408&h=240&yaw=201.95683&pitch=0&thumbfov=100,true,"https://www.google.com/maps/search/dentistas+em+goiania/@-16.6706238,-49.4947203,11.5z?entry=ttu",2023-09-15T13:23:09.641Z,
https://www.google.com/maps/place/Dra+Jaqueline+Camelo+%7C+Ortodontista+%7C+Aparelho+Invis%C3%ADvel+Invisalign+%7C+Goi%C3%A2nia/data=!4m7!3m6!1s0x935ef148491646b1:0x69dc526b2fe25602!8m2!3d-16.692826!4d-49.2788238!16s%2Fg%2F11g6mwxl97!19sChIJsUYWSUjxXpMRAlbiL2tS3Gk,Dra Jaqueline Camelo | Ortodontista | Aparelho Invisível Invisalign | Goiânia,4.1,9,Orthodontist,"Rua T 29 , 815, Galeria Zaida - Bueno, Goiânia - GO, 74210-050, Brazil","8P4C+VF Goiânia, State of Goiás, Brazil",https://conceito-odontologia-bueno.business.site/,+55 62 3092-7226,8 a.m.–6 p.m.,Closed,Closed,8 a.m.–6 p.m.,8 a.m.–6 p.m.,8 a.m.–6 p.m.,8 a.m.–6 p.m.,Open now,https://lh5.googleusercontent.com/p/AF1QipOQEO54ocLmSx8lVcnARhr5bi67dq1GZhhKNCVa=w408-h408-k-no,true,"https://www.google.com/maps/search/dentistas+em+goiania/@-16.6706238,-49.4947203,11.5z?entry=ttu",2023-09-15T13:23:12.376Z,LGBTQ+ friendly
https://www.google.com/maps/place/Odonto+Sim/data=!4m7!3m6!1s0x935ef0e5faaaaa8b:0x97b4c9c3cc80e27c!8m2!3d-16.7256647!4d-49.2613412!16s%2Fg%2F1vntkzkk!19sChIJi6qq-uXwXpMRfOKAzMPJtJc,Odonto Sim,5.0,1,Dentist,"Av. 4ª Radial, 207 - Setor Pedro Luduvico, Goiânia - GO, 74830-130, Brazil","7PFQ+PF Goiânia, State of Goiás, Brazil",,+55 62 3548-4054,,,,,,,,,https://streetviewpixels-pa.googleapis.com/v1/thumbnail?panoid=tkmMEFQy7eZM46Vlnf28Pg&cb_client=search.gws-prod.gps&w=408&h=240&yaw=117.80156&pitch=0&thumbfov=100,false,"https://www.google.com/maps/search/dentistas+em+goiania/@-16.6706238,-49.4947203,11.5z?entry=ttu",2023-09-15T13:23:15.253Z,
https://www.google.com/maps/place/Odontoprev+Servi%C3%A7os/data=!4m7!3m6!1s0x935ef0d7f7d4934d:0xeabc9c275b909253!8m2!3d-16.7163555!4d-49.2745327!16s%2Fg%2F11b6hn0pjk!19sChIJTZPU99fwXpMRU5KQWyecvOo,Odontoprev Serviços,1.7,19,Dentist,"Edifício Swiss Office Tower - Av. C-255, 370 - Sala 605 - St. Nova Suica, Goiânia - GO, 74280-010, Brazil","7PMG+F5 St. Nova Suica, Goiânia - State of Goiás, Brazil",,+55 62 3241-1618,,,,,,,,,https://streetviewpixels-pa.googleapis.com/v1/thumbnail?panoid=wjDLKuPfhxr3WamkE5LvZw&cb_client=search.gws-prod.gps&w=408&h=240&yaw=281.09702&pitch=0&thumbfov=100,false,"https://www.google.com/maps/search/dentistas+em+goiania/@-16.6706238,-49.4947203,11.5z?entry=ttu",2023-09-15T13:23:18.782Z,
https://www.google.com/maps/place/Dr+Adersi+da+Silveira+Dentista/data=!4m7!3m6!1s0x935ef162a9692dd1:0xa5e64acc660b4109!8m2!3d-16.6744437!4d-49.2555737!16s%2Fg%2F1tm8lp11!19sChIJ0S1pqWLxXpMRCUELZsxK5qU,Dr Adersi da Silveira Dentista,5.0,2,Oral surgeon,"Condomínio do Edifício Rita de Albuquerque - Quadra 38, Lote 96, Av. Anhanguera, 4803 - 1107 - St. Central, Goiânia - GO, 74043-011, Brazil",,,+55 62 3225-5339,7 a.m.–6:30 p.m.,Closed,Closed,7 a.m.–6:30 p.m.,7 a.m.–6:30 p.m.,7 a.m.–6:30 p.m.,7 a.m.–6:30 p.m.,Open now,https://streetviewpixels-pa.googleapis.com/v1/thumbnail?panoid=choXz8WM8ir-9HHSIIrkPA&cb_client=search.gws-prod.gps&w=408&h=240&yaw=167.41238&pitch=0&thumbfov=100,false,"https://www.google.com/maps/search/dentistas+em+goiania/@-16.6706238,-49.4947203,11.5z?entry=ttu",2023-09-15T13:23:21.542Z,
https://www.google.com/maps/place/Consult%C3%B3rio+Odontol%C3%B3gico/data=!4m7!3m6!1s0x935e61b05ed17283:0x43fafe63f304ce08!8m2!3d-16.5832161!4d-49.3934226!16s%2Fg%2F11h_82hgpj!19sChIJg3LRXrBhXpMRCM4E82P--kM,Consultório Odontológico,,,Dentist,"R. SB 47 - Sítios Recreio Bandeirantes, Goiânia - GO, Brazil","CJ84+PJ Goiânia, State of Goiás, Brazil",,,,,,,,,,,https://streetviewpixels-pa.googleapis.com/v1/thumbnail?panoid=ovS6iFaxV9K8Hm6mX9KSFQ&cb_client=search.gws-prod.gps&w=408&h=240&yaw=215.24869&pitch=0&thumbfov=100,false,"https://www.google.com/maps/search/dentistas+em+goiania/@-16.6706238,-49.4947203,11.5z?entry=ttu",2023-09-15T13:23:25.049Z,
https://www.google.com/maps/place/Cl%C3%ADnica+Odontologica+Polo/data=!4m7!3m6!1s0x935ef17b715442e9:0xd3db2e960829508e!8m2!3d-16.6795099!4d-49.2519056!16s%2Fg%2F1ydnqh6s7!19sChIJ6UJUcXvxXpMRjlApCJYu29M,Clínica Odontologica Polo,,,Dentist,"R. 24, 842 - St. Central, Goiânia - GO, 74030-010, Brazil","8PCX+56 St. Central, Goiânia - State of Goiás, Brazil",,,,,,,,,,,https://streetviewpixels-pa.googleapis.com/v1/thumbnail?panoid=ZCwE1tlHNvWEe61RrG2hDw&cb_client=search.gws-prod.gps&w=408&h=240&yaw=196.24452&pitch=0&thumbfov=100,false,"https://www.google.com/maps/search/dentistas+em+goiania/@-16.6706238,-49.4947203,11.5z?entry=ttu",2023-09-15T13:23:28.043Z,
https://www.google.com/maps/place/Dentista+em+Goi%C3%A2nia-+Dra+Geovana+Cacciari/data=!4m7!3m6!1s0x935ef17cf14b2015:0x1afc33c6c7e94321!8m2!3d-16.6854722!4d-49.2749846!16s%2Fg%2F11sqq7xz8r!19sChIJFSBL8XzxXpMRIUPpx8Yz_Bo,Dentista em Goiânia- Dra Geovana Cacciari,5.0,1,Oral surgeon,"R. R 17, 164 - St. Oeste, Goiânia - GO, 74140-035, Brazil","8P7G+R2 St. Oeste, Goiânia - State of Goiás, Brazil",https://api.whatsapp.com/message/GKZNB5XKJN5ML1?autoload=1&app_absent=0,+55 62 99196-5184,8 a.m.–6:30 p.m.,8 a.m.–12 p.m.,Closed,8 a.m.–6:30 p.m.,8 a.m.–6:30 p.m.,8 a.m.–6:30 p.m.,8 a.m.–6:30 p.m.,Open now,https://lh5.googleusercontent.com/p/AF1QipPKdni8GDGayn7QhP5mAYUQxB0z7dTKA8gdp0k4=w408-h432-k-no,true,"https://www.google.com/maps/search/dentistas+em+goiania/@-16.6706238,-49.4947203,11.5z?entry=ttu",2023-09-15T13:23:31.147Z,LGBTQ+ friendly
https://www.google.com/maps/place/Odontologia+-+Odontolife+-+Dra+Almirene+A.+Souza/data=!4m7!3m6!1s0x935ef3149abdc887:0x1a97816bdc3940cb!8m2!3d-16.6685337!4d-49.2808166!16s%2Fg%2F11hf2815sy!19sChIJh8i9mhTzXpMRy0A53GuBlxo,Odontologia - Odontolife - Dra Almirene A. Souza,,,Dentist,"R. P-25, 534 - St. dos Funcionários, Goiânia - GO, 74543-395, Brazil","8PJ9+HM St. dos Funcionários, Goiânia - State of Goiás, Brazil",,,,,,,,,,,https://streetviewpixels-pa.googleapis.com/v1/thumbnail?panoid=5cQCNh-G27-51OJPTJRbsg&cb_client=search.gws-prod.gps&w=408&h=240&yaw=11.340815&pitch=0&thumbfov=100,false,"https://www.google.com/maps/search/dentistas+em+goiania/@-16.6706238,-49.4947203,11.5z?entry=ttu",2023-09-15T13:23:33.990Z,
https://www.google.com/maps/place/CDA+-+Cirurgi%C3%B5es+Dentistas+Associados/data=!4m7!3m6!1s0x935ef13c198e4195:0x8af4fdbb15550c67!8m2!3d-16.7012409!4d-49.2678694!16s%2Fg%2F1tlqr1m2!19sChIJlUGOGTzxXpMRZwxVFbv99Io,CDA - Cirurgiões Dentistas Associados,4.7,17,Dental clinic,"R. T-27, 1855 - St. Bueno, Goiânia - GO, 74215-030, Brazil","7PXJ+GV St. Bueno, Goiânia - State of Goiás, Brazil",http://cdagoiania.com.br/,+55 62 3252-6333,8 a.m.–6 p.m.,Closed,Closed,8 a.m.–6 p.m.,8 a.m.–6 p.m.,8 a.m.–6 p.m.,8 a.m.–6 p.m.,Open now,https://streetviewpixels-pa.googleapis.com/v1/thumbnail?panoid=O9UNttQclnfpT0u9c8laxQ&cb_client=search.gws-prod.gps&w=408&h=240&yaw=70.92459&pitch=0&thumbfov=100,true,"https://www.google.com/maps/search/dentistas+em+goiania/@-16.6706238,-49.4947203,11.5z?entry=ttu",2023-09-15T13:23:36.931Z,
https://www.google.com/maps/place/Dra.+Sabrina+Fenelon/data=!4m7!3m6!1s0x935ef14169640ff5:0x57be212097b38d51!8m2!3d-16.6919735!4d-49.2674536!16s%2Fg%2F11sv56jw3l!19sChIJ9Q9kaUHxXpMRUY2zlyAhvlc,Dra. Sabrina Fenelon,5.0,1,Dentist,"R. 13, 734 - Instituto Odontolágico Marista, Goiânia - GO, 74150-140, Brazil","8P5M+62 Goiânia, State of Goiás, Brazil",http://drasabrinafenelon.com/,+55 62 3241-8090,,,,,,,,,https://lh5.googleusercontent.com/p/AF1QipNWoIdx77mYYLy3dVZqS9FqcD6dxXjKwYR362NV=w408-h305-k-no,true,"https://www.google.com/maps/search/dentistas+em+goiania/@-16.6706238,-49.4947203,11.5z?entry=ttu",2023-09-15T13:23:39.644Z,